state,tmc,avg_speedlimit
nj,103N04152,55
nj,103N04153,55
nj,103N04154,55
nj,103N04155,64.503
nj,103N04156,65
nj,103N04157,65
nj,103N04158,65
nj,103N04159,65
nj,103N04160,65
nj,103N04161,65
nj,103N04162,65
nj,103N04186,50
nj,103N04187,50
nj,103N04188,50
nj,103N04189,50
nj,103N04190,50
nj,103N04191,62.721
nj,103N04192,65
nj,103N04193,65
nj,103N04194,65
nj,103N04195,65
nj,103N04196,65
nj,103N04197,65
nj,103N04198,65
nj,103N04199,65
nj,103N04200,65
nj,103N04201,65
nj,103N04202,65
nj,103N04203,65
nj,103N04204,65
nj,103N04205,65
nj,103N04206,65
nj,103N04207,65
nj,103N04208,65
nj,103N04209,65
nj,103N04210,45
nj,103N04211,45.24
nj,103N04212,55
nj,103N04213,55
nj,103N04214,55
nj,103N04215,55
nj,103N04216,55
nj,103N04217,64.049
nj,103N04218,65
nj,103N04219,65
nj,103N04220,65
nj,103N04221,65
nj,103N04222,65
nj,103N04223,65
nj,103N04224,65
nj,103N04225,65
nj,103N04226,65
nj,103N04227,65
nj,103N04228,65
nj,103N04229,65
nj,103N04230,65
nj,103N04231,65
nj,103N04232,65
nj,103N04233,50
nj,103N04234,50
nj,103N04235,50
nj,103N04236,60.442
nj,103N04237,65
nj,103N04238,65
nj,103N04239,65
nj,103N04240,65
nj,103N04241,65
nj,103N04242,65
nj,103N04243,65
nj,103N04244,65
nj,103N04245,65
nj,103N04246,65
nj,103N04247,65
nj,103N04248,65
nj,103N04249,45
nj,103N04250,45
nj,103N04251,45
nj,103N04252,45
nj,103N04288,45
nj,103N04289,45
nj,103N04290,45
nj,103N04291,45
nj,103N04292,45
nj,103N04293,45
nj,103N04294,45
nj,103N04295,50.134
nj,103N04296,55
nj,103N04297,55
nj,103N04298,55
nj,103N04299,55
nj,103N04300,55
nj,103N04301,55
nj,103N04302,55
nj,103N04303,55
nj,103N04304,55
nj,103N04305,55
nj,103N04306,65
nj,103N04307,64.89
nj,103N04308,65
nj,103N04309,65
nj,103N04310,65
nj,103N04311,62.841
nj,103N04312,55
nj,103N04313,55
nj,103N04314,55
nj,103N04315,55
nj,103N04316,55
nj,103N04317,47.659
nj,103N04318,45
nj,103N04319,45
nj,103N04320,45
nj,103N04326,45
nj,103N04327,45
nj,103N04328,50
nj,103N04329,50
nj,103N04330,46.298
nj,103N04331,45
nj,103N04332,45
nj,103N04333,45
nj,103N04373,55
nj,103N04374,44.191
nj,103N04375,46.768
nj,103N04376,50
nj,103N04377,50
nj,103N04378,50
nj,103N04379,54.728
nj,103N04403,65
nj,103N04404,60.49
nj,103N04405,55
nj,103N04406,50.84
nj,103N04438,48.129
nj,103N04439,50
nj,103N04440,50
nj,103N04441,50
nj,103N04442,50
nj,103N04443,46.803
nj,103N04444,55
nj,103N04445,54.712
nj,103N04446,50
nj,103N04447,50
nj,103N04448,50
nj,103N04449,50
nj,103N04505,55
nj,103N04506,55
nj,103N04507,55
nj,103N04508,55
nj,103N04509,55
nj,103N04540,46.024
nj,103N04541,65
nj,103N04542,65
nj,103N04543,65
nj,103N04544,65
nj,103N04545,65
nj,103N04546,65
nj,103N04547,65
nj,103N04548,65
nj,103N04549,52.386
nj,103N04550,62.026
nj,103N04551,65
nj,103N04552,65
nj,103N04553,65
nj,103N04554,65
nj,103N04555,64.214
nj,103N04556,58.671
nj,103N04591,55
nj,103N04592,50.517
nj,103N04593,55
nj,103N04594,55
nj,103N04595,63.651
nj,103N04596,65
nj,103N04617,65
nj,103N04618,65
nj,103N04619,65
nj,103N04620,65
nj,103N04621,65
nj,103N04622,65
nj,103N04623,58.86
nj,103N04624,55
nj,103N04872,45
nj,103N04873,39.268
nj,103N04874,50
nj,103N04875,50
nj,103N04876,50
nj,103N04877,50
nj,103N04878,50
nj,103N04879,50
nj,103N04880,50
nj,103N04881,50
nj,103N04882,45
nj,103N04883,45
nj,103N04884,45
nj,103N04885,45
nj,103N04886,45
nj,103N04887,45
nj,103N04888,45
nj,103N04889,45
nj,103N04890,50
nj,103N04891,50
nj,103N04892,50
nj,103N04893,50
nj,103N04894,50
nj,103N04895,50
nj,103N04896,50
nj,103N04897,50
nj,103N04898,49.419
nj,103N04899,45
nj,103N04900,45
nj,103N04901,45
nj,103N04904,42.034
nj,103N04905,45
nj,103N04910,45
nj,103N04911,45
nj,103N04912,45
nj,103N04913,42.401
nj,103N04915,51.282
nj,103N04916,45.832
nj,103N04923,55
nj,103N04924,55
nj,103N04925,55
nj,103N04926,55
nj,103N04927,55
nj,103N04928,55
nj,103N04936,45
nj,103N04937,65
nj,103N04938,65
nj,103N04939,65
nj,103N04940,65
nj,103N04941,65
nj,103N05008,58.212
nj,103N05009,65
nj,103N05010,65
nj,103N05011,65
nj,103N05012,65
nj,103N05013,65
nj,103N05014,65
nj,103N05183,50
nj,103N05184,54.068
nj,103N05185,65
nj,103N05186,65
nj,103N05187,65
nj,103N05188,65
nj,103N05189,65
nj,103N05190,65
nj,103N05191,65
nj,103N05212,65
nj,103N05213,65
nj,103N05214,65
nj,103N05215,60.859
nj,103N05216,63.142
nj,103N05223,65
nj,103N05224,65
nj,103N05225,64.749
nj,103N05309,45
nj,103N05310,45
nj,103N05311,45.938
nj,103N05322,50
nj,103N05323,50
nj,103N05324,50
nj,103N05325,50
nj,103N05326,49.368
nj,103N05327,45
nj,103N05328,50
nj,103N05329,50
nj,103N05330,50
nj,103N05331,50
nj,103N05332,50
nj,103N05333,50
nj,103N05334,50
nj,103N05335,50
nj,103N05336,50
nj,103N05346,49.95
nj,103N05347,50
nj,103N05440,25
nj,103N05441,40.751
nj,103N05442,47.022
nj,103N05443,50
nj,103N05444,39.449
nj,103N05445,42.063
nj,103N05448,50
nj,103N05449,30
nj,103N05450,30.944
nj,103N05451,38.253
nj,103N05452,45.322
nj,103N05453,25.162
nj,103N05454,28.442
nj,103N05455,35.769
nj,103N05456,45
nj,103N05489,45
nj,103N05490,45
nj,103N05491,45
nj,103N05492,45.326
nj,103N05493,50
nj,103N05494,50
nj,103N05495,50
nj,103N05496,47.335
nj,103N05497,45
nj,103N05498,40.09
nj,103N05499,48.491
nj,103N05500,54.838
nj,103N05501,50
nj,103N05502,55
nj,103N05503,55
nj,103N05504,55
nj,103N05540,45
nj,103N05541,45
nj,103N05542,45
nj,103N05543,45
nj,103N05544,42.414
nj,103N05545,30.944
nj,103N05546,38.518
nj,103N05547,50
nj,103N05548,45.874
nj,103N05549,44.124
nj,103N05550,45
nj,103N05551,41.947
nj,103N05552,30
nj,103N05553,51.266
nj,103N05554,55
nj,103N05555,55
nj,103N05556,55
nj,103N05557,55
nj,103N05558,54.317
nj,103N05559,50.26
nj,103N05560,45
nj,103N05561,45
nj,103N05562,40
nj,103N05563,44.12
nj,103N05564,50
nj,103N05565,40.704
nj,103N05566,35
nj,103N05567,35
nj,103N05568,25
nj,103N05569,45
nj,103N05570,45
nj,103N05571,45
nj,103N05572,32.498
nj,103N05573,32.759
nj,103N05574,39.833
nj,103N05575,35
nj,103N05577,35.899
nj,103N05578,42.633
nj,103N05588,51.518
nj,103N05589,55
nj,103N05590,50
nj,103N05591,49.036
nj,103N05592,48.635
nj,103N05593,39.449
nj,103N05594,47.237
nj,103N05595,50
nj,103N05596,47.981
nj,103N05597,48.273
nj,103N05598,50
nj,103N05599,50
nj,103N05600,50
nj,103N05601,46.854
nj,103N05602,40
nj,103N05603,49.153
nj,103N05604,50
nj,103N05605,50
nj,103N05606,50
nj,103N05607,41.93
nj,103N05608,49.749
nj,103N05609,45
nj,103N05610,49.289
nj,103N05611,33.925
nj,103N05612,48.165
nj,103N05624,45
nj,103N05625,41.603
nj,103N05626,40
nj,103N05627,
nj,103N05628,
nj,103N05671,25
nj,103N05672,29.555
nj,103N05673,38.484
nj,103N05674,44.29
nj,103N05675,41.501
nj,103N05676,40
nj,103N05677,40
nj,103N05689,50
nj,103N05690,50
nj,103N05691,48.659
nj,103N05692,37.347
nj,103N05693,30
nj,103N05694,36.276
nj,103N05695,50.18
nj,103N05696,45
nj,103N05697,45
nj,103N05698,40.344
nj,103N05699,37.105
nj,103N05700,30
nj,103N05701,30.633
nj,103N05702,48.158
nj,103N05703,36.378
nj,103N05704,40
nj,103N05709,48.883
nj,103N05710,49.2
nj,103N05711,35.916
nj,103N05712,43.446
nj,103N05742,35
nj,103N05743,35.23
nj,103N05744,50
nj,103N05745,50
nj,103N05746,50
nj,103N05747,47.988
nj,103N05748,
nj,103N05749,
nj,103N05758,46.679
nj,103N05759,50
nj,103N05760,50
nj,103N05761,44.852
nj,103N05762,40
nj,103N05763,35.562
nj,103N05764,42.048
nj,103N05765,50
nj,103N05766,48.432
nj,103N05767,50
nj,103N05768,50
nj,103N05769,48.795
nj,103N05770,44.346
nj,103N05771,52.051
nj,103N05772,45
nj,103N05773,35.553
nj,103N05774,40
nj,103N05775,42.659
nj,103N05776,38.822
nj,103N05777,35
nj,103N05778,35.549
nj,103N05779,35
nj,103N05780,35
nj,103N05781,40.905
nj,103N05782,40.349
nj,103N05783,35.183
nj,103N05784,42.424
nj,103N05785,43.564
nj,103N05786,48.019
nj,103N05787,63.943
nj,103N05788,44.392
nj,103N05808,50
nj,103N05809,50
nj,103N05810,50
nj,103N05811,50
nj,103N05812,50
nj,103N05813,50
nj,103N05814,50
nj,103N05815,50
nj,103N05816,50
nj,103N05817,50.096
nj,103N05818,55
nj,103N05819,55
nj,103N05820,55
nj,103N05821,55
nj,103N05822,52.227
nj,103N05823,40
nj,103N05824,43.641
nj,103N05825,50
nj,103N05826,50
nj,103N05827,25
nj,103N05828,45
nj,103N05829,45
nj,103N05830,45
nj,103N05831,45
nj,103N05846,30
nj,103N05851,48.257
nj,103N05903,55
nj,103N05904,55
nj,103N05905,55
nj,103N05906,55
nj,103N05907,55
nj,103N05908,50
nj,103N05909,50
nj,103N05910,50
nj,103N05915,65
nj,103N05916,48.904
nj,103N05917,35
nj,103N05918,43.624
nj,103N05919,36.632
nj,103N05920,44.145
nj,103N05921,40
nj,103N05922,38.775
nj,103N05923,40
nj,103N05924,40
nj,103N05925,48.841
nj,103N05926,55
nj,103N05927,50.459
nj,103N05928,50
nj,103N05929,50
nj,103N05930,50
nj,103N05931,50
nj,103N05932,50
nj,103N05933,50
nj,103N05934,47.2
nj,103N05935,40
nj,103N05936,42.736
nj,103N05937,48.305
nj,103N05938,50
nj,103N05939,50
nj,103N05940,53.26
nj,103N05941,45.928
nj,103N05942,40
nj,103N05943,40
nj,103N05944,53.04
nj,103N05945,55
nj,103N05946,55
nj,103N05947,55
nj,103N05948,55
nj,103N05949,55
nj,103N05950,55
nj,103N05951,55
nj,103N05952,55
nj,103N05953,48.61
nj,103N06000,40
nj,103N06001,40
nj,103N06002,30
nj,103N06003,30
nj,103N06004,32.021
nj,103N06005,35
nj,103N06006,35.071
nj,103N06007,40
nj,103N06008,40
nj,103N06009,40
nj,103N06010,40
nj,103N06011,40
nj,103N06012,44.405
nj,103N06013,45
nj,103N06014,41.19
nj,103N06015,50
nj,103N06016,50
nj,103N06017,47.969
nj,103N06018,40
nj,103N06019,49.84
nj,103N06020,50
nj,103N06021,52.844
nj,103N06022,47.822
nj,103N06023,50
nj,103N06024,50
nj,103N06025,49.281
nj,103N06026,45
nj,103N06027,44.352
nj,103N06028,40
nj,103N06029,46.712
nj,103N06030,48.624
nj,103N06031,33.46
nj,103N06032,25
nj,103N06033,25
nj,103N06034,40
nj,103N06035,50.064
nj,103N06965,40
nj,103N06966,42.597
nj,103N06967,50
nj,103N06969,55
nj,103N06970,47.325
nj,103N06971,32.456
nj,103N06972,43.377
nj,103N06973,52.974
nj,103N06975,55
nj,103N06978,50
nj,103N06979,50
nj,103N06980,50
nj,103N06981,55
nj,103N06982,39.156
nj,103N06983,35
nj,103N06984,29.17
nj,103N06988,48.24
nj,103N06990,50
nj,103N06991,50
nj,103N06992,49.066
nj,103N06993,48.97
nj,103N06994,35.916
nj,103N06998,53.986
nj,103N06999,54.971
nj,103N07014,50
nj,103N07019,40.393
nj,103N07020,35
nj,103N07021,50
nj,103N07022,50
nj,103N07035,45
nj,103N07036,
nj,103N07037,50
nj,103N07038,50
nj,103N07039,55
nj,103N07040,55
nj,103N07041,55
nj,103N07042,55
nj,103N07043,55
nj,103N07045,47.192
nj,103N07046,47.238
nj,103N07053,55
nj,103N07062,35
nj,103N07065,55
nj,103N07799,25
nj,103N07800,44.097
nj,103N07801,45
nj,103N07802,49.237
nj,103N07803,47.397
nj,103N07804,45.853
nj,103N07805,50
nj,103N07806,50
nj,103N07807,48.317
nj,103N07808,46.367
nj,103N07809,28.369
nj,103N07810,46.423
nj,103N07811,35.222
nj,103N07812,65
nj,103N07817,25
nj,103N07818,25
nj,103N07819,25
nj,103N07820,25
nj,103N07821,25
nj,103N07822,25
nj,103N08204,41.883
nj,103N09461,31.795
nj,103N09462,50
nj,103N09463,50.136
nj,103N09464,47.65
nj,103N09465,45
nj,103N09466,47.925
nj,103N09469,50
nj,103N09470,48.4
nj,103N09471,40
nj,103N09472,49.546
nj,103N09475,55
nj,103N09476,55
nj,103N09477,55
nj,103N09478,52.109
nj,103N09479,40.916
nj,103N09480,34.444
nj,103N09481,48.055
nj,103N09534,30
nj,103N09535,45.983
nj,103N09579,
nj,103N09580,47.97
nj,103N09581,40
nj,103N09586,49.057
nj,103N09587,48.849
nj,103N09588,45.145
nj,103N09589,45.965
nj,103N09590,50
nj,103N09591,50
nj,103N09592,48.288
nj,103N09593,50
nj,103N09594,50
nj,103N09595,47.171
nj,103N09596,48.435
nj,103N09597,43.93
nj,103N09598,30
nj,103N09599,42.023
nj,103N09600,45
nj,103N09601,44.121
nj,103N09602,45.577
nj,103N09603,50
nj,103N09604,50
nj,103N09605,48.207
nj,103N09606,40
nj,103N09607,48.883
nj,103N09608,45.249
nj,103N09609,46.767
nj,103N09610,40.734
nj,103N09611,44.967
nj,103N09612,45.684
nj,103N09613,35
nj,103N09614,35
nj,103N09615,42.729
nj,103N09616,48.823
nj,103N09617,50
nj,103N09620,44.905
nj,103N09621,41.402
nj,103N09622,35.528
nj,103N09623,35
nj,103N09624,50
nj,103N09625,50
nj,103N09626,50
nj,103N09627,45
nj,103N09628,50
nj,103N09629,50
nj,103N09630,50
nj,103N09631,49.159
nj,103N09632,49.392
nj,103N09644,50
nj,103N09645,51.073
nj,103N09646,47.453
nj,103N09647,47.472
nj,103N09648,49.448
nj,103N09649,50
nj,103N09650,37.948
nj,103N09651,25
nj,103N09653,45.785
nj,103N09654,50
nj,103N09655,50
nj,103N09656,45
nj,103N09657,50
nj,103N09658,50
nj,103N09666,49.827
nj,103N09667,45.066
nj,103N09669,35
nj,103N09670,49.821
nj,103N09674,55
nj,103N09675,55
nj,103N09676,55
nj,103N09677,55
nj,103N09678,45.419
nj,103N09679,41.179
nj,103N09680,43.509
nj,103N09686,30
nj,103N09703,49.829
nj,103N09704,49.728
nj,103N09705,49.788
nj,103N09706,50
nj,103N09707,50
nj,103N09710,
nj,103N09711,55
nj,103N09712,55
nj,103N09713,55
nj,103N09716,45
nj,103N09717,45
nj,103N09718,42.64
nj,103N09719,30
nj,103N09724,65
nj,103N09725,65
nj,103N09726,45
nj,103N09727,45
nj,103N09728,50
nj,103N09729,50
nj,103N09730,48.804
nj,103N09731,38.117
nj,103N09732,40.472
nj,103N09733,45
nj,103N09734,45
nj,103N09735,40
nj,103N09736,36.52
nj,103N09737,40
nj,103N09738,40
nj,103N09739,42.299
nj,103N09740,45
nj,103N09741,43.481
nj,103N09742,35
nj,103N09743,55
nj,103N09744,55
nj,103N09745,55
nj,103N09746,45
nj,103N09747,45
nj,103N09751,25
nj,103N09752,25
nj,103N09753,25
nj,103N09754,25
nj,103N09755,25
nj,103N09756,25
nj,103N09757,25
nj,103N09758,25
nj,103N09759,25
nj,103N09765,65
nj,103N09767,60.355
nj,103N09768,35
nj,103N09769,65
nj,103N09770,65
nj,103N09771,56.934
nj,103N09772,55
nj,103N09773,25
nj,103N09774,25
nj,103N09775,21.319
nj,103N09776,26.153
nj,103N09778,25
nj,103N09780,25
nj,103N09781,25
nj,103N09922,45
nj,103N09923,45
nj,103N09924,42.331
nj,103N09925,65
nj,103N09926,51.234
nj,103N09989,45
nj,103N09990,45
nj,103N09991,44.558
nj,103N09992,45
nj,103N09993,45
nj,103N09994,25
nj,103N09995,25
nj,103N09996,25
nj,103N09997,25
nj,103N09998,25
nj,103N09999,30
nj,103N10000,40
nj,103N10001,40
nj,103N10002,40
nj,103N10003,40
nj,103N10004,44.69
nj,103N10005,45
nj,103N10008,36.139
nj,103N10012,39.541
nj,103N10013,35
nj,103N10014,32.094
nj,103N10015,45.786
nj,103N10016,40
nj,103N10017,40
nj,103N10018,38.866
nj,103N10019,65
nj,103N10020,65
nj,103N10021,50
nj,103N10022,50
nj,103N10023,65
nj,103N10024,50
nj,103N10025,45
nj,103N10026,40.822
nj,103N10027,36.364
nj,103N10028,53.962
nj,103N10029,55
nj,103N10030,50
nj,103N10031,45.638
nj,103N10032,36.361
nj,103N10033,36.122
nj,103N10034,39.472
nj,103N10038,25
nj,103N10045,20.201
nj,103N10046,25
nj,103N10048,45
nj,103N10049,40
nj,103N10050,25
nj,103N10051,25
nj,103N10052,25
nj,103N10053,25
nj,103N10054,38.36
nj,103N10055,40
nj,103N10056,39.464
nj,103N10057,44.042
nj,103N10058,35
nj,103N10059,30
nj,103N10060,28.017
nj,103N10061,35
nj,103N10062,39.551
nj,103N10068,43.732
nj,103N10217,40
nj,103N10218,35
nj,103N10219,40.714
nj,103N10234,50
nj,103N10235,50
nj,103N10236,49.629
nj,103N10239,47.75
nj,103N10240,48.615
nj,103N10241,37.63
nj,103N10242,65
nj,103N10243,65
nj,103N10244,25
nj,103N10245,25
nj,103N10246,43.643
nj,103N10247,40.335
nj,103N10248,34.718
nj,103N10258,50
nj,103N10259,40.788
nj,103N10260,39.299
nj,103N10261,40
nj,103N10262,45
nj,103N10263,45
nj,103N10266,65
nj,103N10278,55
nj,103N10285,35
nj,103N10286,47.532
nj,103N10287,50
nj,103N10288,48.054
nj,103N10289,48.395
nj,103N10291,50
nj,103N10292,50
nj,103N10293,35
nj,103N10294,40
nj,103N10295,65
nj,103N10296,65
nj,103N10299,61.386
nj,103N10301,35
nj,103N10302,35
nj,103N10303,40
nj,103N10304,40
nj,103N10305,40
nj,103N10306,45
nj,103N10307,48.816
nj,103N10308,50
nj,103N10309,50
nj,103N10310,50
nj,103N10311,55
nj,103N10899,40
nj,103N10900,35
nj,103N10901,48.764
nj,103N10902,37.277
nj,103N10903,46.58
nj,103N10904,50
nj,103N10905,52.251
nj,103N11258,25
nj,103N11259,25
nj,103N11260,26.525
nj,103N11261,43.107
nj,103N11263,50
nj,103N11264,45
nj,103N11265,45
nj,103N11266,41.605
nj,103N11267,33.391
nj,103N11268,
nj,103N11269,50
nj,103N11272,35
nj,103N11273,35
nj,103N11274,40
nj,103N11275,
nj,103N11276,40
nj,103N11277,43.528
nj,103N11278,40
nj,103N11279,40.166
nj,103N11280,35
nj,103N11281,35
nj,103N11282,38.265
nj,103N11283,40
nj,103N11284,42.581
nj,103N11285,45
nj,103N11286,35
nj,103N11287,43.649
nj,103N11288,45
nj,103N11289,44.655
nj,103N11290,34.166
nj,103N11291,35.29
nj,103N11292,40
nj,103N11302,48.487
nj,103N11303,49.345
nj,103N11304,49.89
nj,103N11306,25
nj,103N11307,35
nj,103N11308,35.326
nj,103N11309,43.994
nj,103N11310,38.132
nj,103N11311,40
nj,103N11314,25
nj,103N11315,25
nj,103N11316,33.856
nj,103N11317,35.468
nj,103N11318,
nj,103N11319,45
nj,103N11320,35
nj,103N11321,45.753
nj,103N11327,
nj,103N11328,
nj,103N11344,45.312
nj,103N11362,45
nj,103N11363,35.377
nj,103N11364,28.805
nj,103N11365,37.221
nj,103N11366,50
nj,103N11367,50
nj,103N11368,50
nj,103N11372,47.658
nj,103N11373,32.418
nj,103N11374,45
nj,103N11375,50
nj,103N11376,50
nj,103N11377,50
nj,103N11386,25
nj,103N11387,33.164
nj,103N11388,37.854
nj,103N11389,35
nj,103N11390,35
nj,103N11391,39.167
nj,103N11392,40
nj,103N11393,40
nj,103N11394,40
nj,103N11395,40
nj,103N11396,45
nj,103N11397,30
nj,103N11398,30
nj,103N11399,44.556
nj,103N11400,47.363
nj,103N11401,38.799
nj,103N11402,38.938
nj,103N11403,40
nj,103N11404,25
nj,103N11408,45
nj,103N11409,42.97
nj,103N11410,40
nj,103N11411,38.529
nj,103N11412,45
nj,103N11415,50
nj,103N11416,49.123
nj,103N11417,50
nj,103N11418,50
nj,103N11419,50
nj,103N11428,35
nj,103N11429,40.726
nj,103N11430,27.982
nj,103N11431,35
nj,103N11432,31.56
nj,103N11433,35
nj,103N11434,25
nj,103N11435,25
nj,103N11436,25
nj,103N11437,25
nj,103N11438,25
nj,103N11439,40
nj,103N11440,44.389
nj,103N11442,34.98
nj,103N11443,25
nj,103N11444,26.248
nj,103N11445,25
nj,103N11446,25
nj,103N11447,25
nj,103N11448,26.256
nj,103N11449,42.824
nj,103N11450,
nj,103N11453,50
nj,103N11454,35
nj,103N11455,30
nj,103N11456,35
nj,103N11457,
nj,103N11458,42.485
nj,103N11459,45
nj,103N11460,45
nj,103N11465,35
nj,103N11466,35
nj,103N11467,39.299
nj,103N11468,40
nj,103N11469,40
nj,103N11470,41.272
nj,103N11471,40
nj,103N11472,29.644
nj,103N11473,25
nj,103N11474,25
nj,103N11475,25
nj,103N11476,25
nj,103N11477,25
nj,103N11478,25
nj,103N11483,45
nj,103N11484,40.51
nj,103N11485,26.378
nj,103N11486,46.944
nj,103N11487,50
nj,103N11488,30
nj,103N11489,25.119
nj,103N11490,25
nj,103N11492,40
nj,103N11517,35
nj,103N11518,35
nj,103N11519,25
nj,103N11520,
nj,103N11522,35.595
nj,103N11524,35
nj,103N11525,35
nj,103N11526,35
nj,103N11527,27.828
nj,103N11528,25
nj,103N11532,35
nj,103N11533,35
nj,103N11534,35
nj,103N11541,35
nj,103N11542,36.922
nj,103N11564,40
nj,103N11565,40.963
nj,103N11566,26.93
nj,103N11574,25
nj,103N11575,25
nj,103N11576,34.821
nj,103N11577,35
nj,103N11580,35
nj,103N11581,37.392
nj,103N11582,45
nj,103N11583,44.416
nj,103N11585,32.753
nj,103N11586,44.207
nj,103N11587,
nj,103N11590,35
nj,103N11591,35
nj,103N11592,40
nj,103N11593,38.496
nj,103N11608,35.918
nj,103N11609,
nj,103N11610,
nj,103N11611,
nj,103N11636,40
nj,103N11661,40
nj,103N11662,40
nj,103N11663,
nj,103N11667,50
nj,103N11672,25
nj,103N11673,25
nj,103N11674,25
nj,103N11675,25
nj,103N11676,25
nj,103N11690,
nj,103N11691,45
nj,103N11692,45
nj,103N11693,36.453
nj,103N11698,25
nj,103N11699,25.478
nj,103N11700,38.12
nj,103N11701,40
nj,103N11702,43.161
nj,103N11703,30
nj,103N11709,45
nj,103N11710,25
nj,103N11711,25
nj,103N11718,46.276
nj,103N11719,45
nj,103N11720,40.173
nj,103N11723,40
nj,103N11724,41.414
nj,103N11735,50
nj,103N11736,50
nj,103N11737,50
nj,103N11738,49.181
nj,103N11751,25
nj,103N11752,25
nj,103N11753,
nj,103N11755,42.827
nj,103N11770,42.453
nj,103N11771,47.584
nj,103N11772,
nj,103N11773,40
nj,103N11774,33.991
nj,103N11775,45
nj,103N11776,45
nj,103N11777,48.048
nj,103N11778,50
nj,103N11780,45
nj,103N11819,35
nj,103N11820,35
nj,103N11821,29.899
nj,103N11826,25
nj,103N11827,40.261
nj,103N11828,45
nj,103N11829,45
nj,103N11830,45
nj,103N11831,45
nj,103N11832,45
nj,103N11833,45
nj,103N11839,45
nj,103N11840,44.484
nj,103N11841,
nj,103N11852,
nj,103N11853,25
nj,103N11870,28.814
nj,103N11884,25
nj,103N11885,25
nj,103N11953,36.211
nj,103N11954,40
nj,103N11955,40
nj,103N11956,40
nj,103N11962,
nj,103N11963,25
nj,103N12127,35
nj,103N12128,35
nj,103N12129,35
nj,103N12135,
nj,103N12136,46.286
nj,103N12137,39.648
nj,103N12138,
nj,103N12139,15
nj,103N12167,45
nj,103N12168,42.603
nj,103N12202,15
nj,103N12281,25
nj,103N12304,40
nj,103N12305,30.879
nj,103N12318,25
nj,103N12319,40.959
nj,103N12333,
nj,103N12334,
nj,103N12335,
nj,103N12351,25
nj,103N12352,25
nj,103N12353,25
nj,103N12354,25
nj,103N12355,25
nj,103N12379,35
nj,103N12380,39.715
nj,103N12381,
nj,103N12382,
nj,103N12439,45
nj,103N12440,42.389
nj,103N12447,35
nj,103N12448,35
nj,103N12483,25
nj,103N12484,27.856
nj,103N12485,
nj,103N12491,35
nj,103N12516,
nj,103N12517,25
nj,103N12518,25
nj,103N12572,
nj,103N12573,45
nj,103N12577,45
nj,103N12602,40
nj,103N12603,36.401
nj,103N12642,
nj,103N12643,25
nj,103N12644,25
nj,103N12741,35
nj,103N12759,25
nj,103N12760,29.025
nj,103N12761,25
nj,103N12762,25
nj,103N12929,45
nj,103N12930,46.926
nj,103N12931,49.621
nj,103N12965,25
nj,103N12966,25
nj,103N12990,25
nj,103N12991,25
nj,103N12992,25
nj,103N12993,25
nj,103N12994,25
nj,103N12995,35.307
nj,103N12996,45
nj,103N13122,
nj,103N13123,25
nj,103N13124,50
nj,103N13156,
nj,103N13157,25
nj,103N13165,25
nj,103N13166,30.593
nj,103N13167,35
nj,103N13168,35
nj,103N13169,35
nj,103N13251,25
nj,103N13252,25
nj,103N13253,25
nj,103N13257,25
nj,103N13258,25
nj,103N13271,40
nj,103N13272,40
nj,103N13300,35
nj,103N13301,35.75
nj,103N13302,25
nj,103N13334,
nj,103N13335,25
nj,103N13336,25
nj,103N13523,25
nj,103N13524,33.596
nj,103N13525,
nj,103N13547,45
nj,103N13585,25
nj,103N13586,25
nj,103N13587,25
nj,103N13588,40
nj,103N13589,39.331
nj,103N13634,40
nj,103N13635,40
nj,103N13654,40
nj,103N13655,42.327
nj,103N13656,45
nj,103N13657,44.308
nj,103N13755,35
nj,103N13756,30.074
nj,103N13870,25
nj,103N13871,25
nj,103N13872,
nj,103N13913,45
nj,103N13914,38.815
nj,103N13915,38.72
nj,103N13927,52.633
nj,103N13928,35
nj,103N13973,25
nj,103N13974,25
nj,103N13975,25
nj,103N13986,35
nj,103N13987,35.865
nj,103N13988,40
nj,103N14005,40
nj,103N14006,39.562
nj,103N14037,35
nj,103N14038,37.251
nj,103N14054,45
nj,103N14417,65
nj,103N14418,65
nj,103N15486,50
nj,103N15490,40
nj,103N15492,45
nj,103N15526,45.208
nj,103N15548,55
nj,103N15561,25
nj,103N15562,25
nj,103N15563,25
nj,103N15564,26.168
nj,103N15565,41.29
nj,103N15566,41.005
nj,103N15569,25
nj,103N15570,25
nj,103N15571,25
nj,103N15572,
nj,103N15573,25
nj,103N15574,25
nj,103N15575,
nj,103N15580,40
nj,103N15581,
nj,103N15582,40
nj,103N15583,36.488
nj,103N15599,25
nj,103N15600,
nj,103N15697,45
nj,103N15698,47.283
nj,103N15699,50
nj,103N15700,45.559
nj,103N16176,35
nj,103N16177,41.537
nj,103N16180,
nj,103N16181,
nj,103N16200,44.895
nj,103N16201,40.206
nj,103N16231,
nj,103N16232,
nj,103N16247,25
nj,103N16248,31.703
nj,103N16266,
nj,103N16287,
nj,103N16288,
nj,103N16289,
nj,103N16290,
nj,103N16291,
nj,103N16292,25
nj,103N16293,25
nj,103N16295,25
nj,103N16296,25
nj,103N16308,45
nj,103N16309,45
nj,103N16310,44.599
nj,103N16311,40
nj,103N16312,40
nj,103N16313,36.217
nj,103N16314,35
nj,103N16315,35
nj,103N16316,35
nj,103N16322,
nj,103N16323,
nj,103N16337,35
nj,103N16346,25
nj,103N16347,25.591
nj,103N16348,25
nj,103N16352,45
nj,103N16353,45
nj,103N16354,45
nj,103N16359,
nj,103N16360,25
nj,103N16361,25
nj,103N16362,
nj,103N16370,40
nj,103N16371,42.915
nj,103N16808,45
nj,103N16810,55
nj,103N16811,43.825
nj,103N16812,55
nj,103N16815,50
nj,103N16816,50
nj,103N16817,50
nj,103N16818,45
nj,103N16833,40
nj,103N16920,
nj,103N16921,25
nj,103N16922,25
nj,103N16925,25
nj,103N16926,25
nj,103N16927,25
nj,103N16928,25
nj,103N16929,25
nj,103N17026,35
nj,103N17027,35
nj,103N17239,50
nj,103N17240,50
nj,103N17256,
nj,103N17257,
nj,103N17258,40
nj,103N17259,40
nj,103N17295,65
nj,103N17296,65
nj,103N17297,65
nj,103N17298,65
nj,103N17299,65
nj,103N17300,65
nj,103N17301,65
nj,103N17321,30.973
nj,103N17322,30
nj,103N17401,50
nj,103N17402,50
nj,103N17618,37.059
nj,103N17619,31.7
nj,103N17621,25
nj,103N17622,28.938
nj,103N17624,40
nj,103N17625,49.006
nj,103N17626,44
nj,103N17628,40
nj,103N17629,26.158
nj,103N17630,25
nj,103N17631,35.521
nj,103N17633,25
nj,103N17634,25
nj,103N17636,55
nj,103N17637,35
nj,103N17638,31.676
nj,103N17639,25
nj,103N17641,35
nj,103N17642,34.972
nj,103N17643,35.548
nj,103N17644,45
nj,103N17646,35
nj,103N17647,35
nj,103N17648,35
nj,103N17649,30
nj,103N17650,30
nj,103N17651,30
nj,103N17652,
nj,103N17654,25
nj,103N17655,25
nj,103N17657,40
nj,103N17658,40
nj,103N17664,
nj,103N17665,
nj,103N17931,
nj,103N17933,25
nj,103N17944,25.985
nj,103N50063,
nj,103N50064,
nj,103N50066,25
nj,103N50067,30.674
nj,103N50082,25
nj,103N50083,
nj,103N50085,
nj,103N50086,
nj,103N50101,
nj,103N50102,
nj,103N50104,
nj,103N50105,
nj,103N50111,25
nj,103N50112,25.35
nj,103N50114,30
nj,103N50115,39.864
nj,103N50116,48.543
nj,103N50396,
nj,103N50397,
nj,103N50399,50
nj,103N50400,50
nj,103N50414,
nj,103N50415,
nj,103N50416,25
nj,103P04152,55
nj,103P04153,55
nj,103P04154,59.188
nj,103P04155,65
nj,103P04156,65
nj,103P04157,65
nj,103P04158,65
nj,103P04159,65
nj,103P04160,65
nj,103P04161,65
nj,103P04162,65
nj,103P04187,50
nj,103P04188,53.863
nj,103P04189,55
nj,103P04190,61.794
nj,103P04191,65
nj,103P04192,65
nj,103P04193,65
nj,103P04194,65
nj,103P04195,65
nj,103P04196,65
nj,103P04197,65
nj,103P04198,65
nj,103P04199,65
nj,103P04200,65
nj,103P04201,65
nj,103P04202,65
nj,103P04203,65
nj,103P04204,65
nj,103P04205,65
nj,103P04206,65
nj,103P04207,65
nj,103P04208,65
nj,103P04209,65
nj,103P04210,55
nj,103P04211,55
nj,103P04212,55
nj,103P04213,55
nj,103P04214,55
nj,103P04215,55
nj,103P04216,61.608
nj,103P04217,65
nj,103P04218,65
nj,103P04219,65
nj,103P04220,65
nj,103P04221,65
nj,103P04222,65
nj,103P04223,65
nj,103P04224,65
nj,103P04225,65
nj,103P04226,65
nj,103P04227,65
nj,103P04228,65
nj,103P04229,65
nj,103P04230,65
nj,103P04231,65
nj,103P04232,65
nj,103P04233,55
nj,103P04234,55
nj,103P04235,61.366
nj,103P04236,65
nj,103P04237,65
nj,103P04238,65
nj,103P04239,65
nj,103P04240,65
nj,103P04241,65
nj,103P04242,65
nj,103P04243,65
nj,103P04244,65
nj,103P04245,65
nj,103P04246,65
nj,103P04247,65
nj,103P04248,65
nj,103P04249,45
nj,103P04250,45
nj,103P04251,45
nj,103P04252,45
nj,103P04288,45
nj,103P04289,45
nj,103P04290,52.222
nj,103P04291,55
nj,103P04292,55
nj,103P04293,55
nj,103P04294,55
nj,103P04295,52.612
nj,103P04296,55
nj,103P04297,55
nj,103P04298,55
nj,103P04299,55
nj,103P04300,55
nj,103P04301,55
nj,103P04302,54.553
nj,103P04303,45
nj,103P04304,45
nj,103P04305,45
nj,103P04306,64.68
nj,103P04307,55
nj,103P04308,65
nj,103P04309,65
nj,103P04310,65
nj,103P04311,65
nj,103P04312,57.468
nj,103P04313,55
nj,103P04314,55
nj,103P04315,55
nj,103P04316,45.639
nj,103P04317,20
nj,103P04318,20
nj,103P04319,33.261
nj,103P04320,39.726
nj,103P04326,45
nj,103P04327,45
nj,103P04328,48.936
nj,103P04329,45
nj,103P04330,45
nj,103P04331,45
nj,103P04332,45
nj,103P04333,45
nj,103P04373,40
nj,103P04374,47.978
nj,103P04375,50
nj,103P04376,50
nj,103P04377,50
nj,103P04378,54.309
nj,103P04379,55
nj,103P04403,65
nj,103P04404,63.064
nj,103P04405,55
nj,103P04406,55
nj,103P04438,45
nj,103P04439,45
nj,103P04440,50
nj,103P04441,50
nj,103P04442,45.993
nj,103P04443,53.388
nj,103P04444,55
nj,103P04445,51.051
nj,103P04446,50
nj,103P04447,50
nj,103P04448,50
nj,103P04449,41.202
nj,103P04505,55
nj,103P04506,55
nj,103P04507,55
nj,103P04508,55
nj,103P04509,55
nj,103P04540,63.11
nj,103P04541,65
nj,103P04542,65
nj,103P04543,65
nj,103P04544,65
nj,103P04545,65
nj,103P04546,65
nj,103P04547,65
nj,103P04548,54.561
nj,103P04549,65
nj,103P04550,65
nj,103P04551,65
nj,103P04552,65
nj,103P04553,65
nj,103P04554,65
nj,103P04555,56.828
nj,103P04556,55.479
nj,103P04591,53.415
nj,103P04592,55
nj,103P04593,55
nj,103P04594,61.104
nj,103P04595,65
nj,103P04596,65
nj,103P04617,65
nj,103P04618,65
nj,103P04619,65
nj,103P04620,65
nj,103P04621,65
nj,103P04622,62.032
nj,103P04623,55
nj,103P04624,55
nj,103P04872,45
nj,103P04873,45
nj,103P04874,49.471
nj,103P04875,50
nj,103P04876,50
nj,103P04877,50
nj,103P04878,50
nj,103P04879,50
nj,103P04880,50
nj,103P04881,50
nj,103P04882,45
nj,103P04883,45
nj,103P04884,45
nj,103P04885,45
nj,103P04886,45
nj,103P04887,45
nj,103P04888,45
nj,103P04889,35
nj,103P04890,50
nj,103P04891,50
nj,103P04892,50
nj,103P04893,50
nj,103P04894,50
nj,103P04895,50
nj,103P04896,50
nj,103P04897,50
nj,103P04898,45
nj,103P04899,45
nj,103P04900,45
nj,103P04901,45
nj,103P04902,45
nj,103P04904,44.762
nj,103P04905,45
nj,103P04910,45
nj,103P04911,42.697
nj,103P04912,41.814
nj,103P04913,45
nj,103P04915,55
nj,103P04916,52.957
nj,103P04923,55
nj,103P04924,55
nj,103P04925,55
nj,103P04926,55
nj,103P04927,55
nj,103P04928,55
nj,103P04936,45
nj,103P04937,65
nj,103P04938,65
nj,103P04939,65
nj,103P04940,65
nj,103P04941,65
nj,103P05008,65
nj,103P05009,65
nj,103P05010,65
nj,103P05011,65
nj,103P05012,65
nj,103P05013,65
nj,103P05014,65
nj,103P05183,52.601
nj,103P05184,65
nj,103P05185,65
nj,103P05186,65
nj,103P05187,65
nj,103P05188,65
nj,103P05189,65
nj,103P05190,65
nj,103P05191,65
nj,103P05212,65
nj,103P05213,65
nj,103P05214,65
nj,103P05215,65
nj,103P05216,65
nj,103P05223,65
nj,103P05224,65
nj,103P05225,65
nj,103P05309,45
nj,103P05310,45.413
nj,103P05311,50
nj,103P05322,50
nj,103P05323,50
nj,103P05324,50
nj,103P05325,50
nj,103P05326,50
nj,103P05327,49.315
nj,103P05328,50
nj,103P05329,50
nj,103P05330,50
nj,103P05331,50
nj,103P05332,50
nj,103P05333,50
nj,103P05334,50
nj,103P05335,50
nj,103P05336,50
nj,103P05346,45
nj,103P05347,50
nj,103P05440,40.345
nj,103P05441,47.022
nj,103P05442,50
nj,103P05443,39.449
nj,103P05444,42.063
nj,103P05445,50
nj,103P05446,50
nj,103P05449,30.693
nj,103P05450,38.253
nj,103P05451,47.192
nj,103P05452,25.342
nj,103P05453,28.442
nj,103P05454,35.852
nj,103P05455,45
nj,103P05456,45
nj,103P05489,45
nj,103P05490,45
nj,103P05491,45
nj,103P05492,45
nj,103P05493,45
nj,103P05494,49.764
nj,103P05495,50
nj,103P05496,50
nj,103P05497,47.335
nj,103P05498,45
nj,103P05499,40
nj,103P05500,54.903
nj,103P05501,54.944
nj,103P05502,55
nj,103P05503,55
nj,103P05504,55
nj,103P05540,45
nj,103P05541,45
nj,103P05542,45
nj,103P05543,45
nj,103P05544,45
nj,103P05545,42.414
nj,103P05546,32.087
nj,103P05547,43.377
nj,103P05548,50
nj,103P05549,32.434
nj,103P05550,44.124
nj,103P05551,45
nj,103P05552,41.947
nj,103P05553,50
nj,103P05554,51.261
nj,103P05555,55
nj,103P05556,55
nj,103P05557,55
nj,103P05558,55
nj,103P05559,50
nj,103P05560,52.956
nj,103P05561,45
nj,103P05562,42.706
nj,103P05563,40
nj,103P05564,44.148
nj,103P05565,50
nj,103P05566,35
nj,103P05567,26.242
nj,103P05568,25
nj,103P05569,45
nj,103P05570,45
nj,103P05571,32.752
nj,103P05572,30
nj,103P05573,39.626
nj,103P05574,39.439
nj,103P05575,35
nj,103P05577,44.486
nj,103P05578,33.361
nj,103P05588,54.537
nj,103P05589,50
nj,103P05590,49.036
nj,103P05591,48.635
nj,103P05592,39.449
nj,103P05593,47.237
nj,103P05594,50
nj,103P05595,47.998
nj,103P05596,48.273
nj,103P05597,50
nj,103P05598,50
nj,103P05599,50
nj,103P05600,48.248
nj,103P05601,40
nj,103P05602,48.703
nj,103P05603,50
nj,103P05604,50
nj,103P05605,50
nj,103P05606,42.027
nj,103P05607,48.966
nj,103P05608,45
nj,103P05609,49.084
nj,103P05610,36.018
nj,103P05611,48.538
nj,103P05612,30
nj,103P05624,41.848
nj,103P05625,40
nj,103P05626,40
nj,103P05627,
nj,103P05628,
nj,103P05671,25
nj,103P05672,38.484
nj,103P05673,43.972
nj,103P05674,44.318
nj,103P05675,40
nj,103P05676,40
nj,103P05677,45
nj,103P05690,48.94
nj,103P05691,38.624
nj,103P05692,30
nj,103P05693,36.276
nj,103P05694,49.237
nj,103P05695,45
nj,103P05696,45
nj,103P05697,41.151
nj,103P05698,36.921
nj,103P05699,30
nj,103P05700,41.883
nj,103P05701,28.369
nj,103P05702,46.423
nj,103P05703,40
nj,103P05704,44.345
nj,103P05705,50
nj,103P05710,36.252
nj,103P05711,43.915
nj,103P05712,49.094
nj,103P05742,35
nj,103P05743,50
nj,103P05744,50
nj,103P05745,50
nj,103P05746,50
nj,103P05747,45
nj,103P05748,
nj,103P05749,
nj,103P05758,50
nj,103P05759,50
nj,103P05760,48.337
nj,103P05761,40
nj,103P05762,35.562
nj,103P05763,41.926
nj,103P05764,50
nj,103P05765,48.391
nj,103P05766,50
nj,103P05767,50
nj,103P05768,49.131
nj,103P05769,44.279
nj,103P05770,52.038
nj,103P05771,53.088
nj,103P05772,35
nj,103P05773,40
nj,103P05774,42.659
nj,103P05775,38.822
nj,103P05776,35
nj,103P05777,35.552
nj,103P05778,35
nj,103P05779,35
nj,103P05780,40.905
nj,103P05781,40.349
nj,103P05782,35.183
nj,103P05783,42.424
nj,103P05784,43.564
nj,103P05785,47.434
nj,103P05786,62.247
nj,103P05787,47.897
nj,103P05788,35
nj,103P05808,50
nj,103P05809,50
nj,103P05810,50
nj,103P05811,50
nj,103P05812,50
nj,103P05813,50
nj,103P05814,50
nj,103P05815,50
nj,103P05816,50
nj,103P05817,55
nj,103P05818,55
nj,103P05819,55
nj,103P05820,55
nj,103P05821,55
nj,103P05822,40
nj,103P05823,40
nj,103P05824,50
nj,103P05825,50
nj,103P05826,48.632
nj,103P05827,25
nj,103P05828,45
nj,103P05829,45
nj,103P05830,45
nj,103P05831,45
nj,103P05846,30.525
nj,103P05852,50
nj,103P05903,55
nj,103P05904,55
nj,103P05905,55
nj,103P05906,55
nj,103P05907,50.221
nj,103P05908,50
nj,103P05909,50
nj,103P05910,50
nj,103P05915,51.926
nj,103P05916,39.241
nj,103P05917,43.226
nj,103P05918,38.066
nj,103P05919,35
nj,103P05920,40
nj,103P05921,39.813
nj,103P05922,37.903
nj,103P05923,40
nj,103P05924,46.615
nj,103P05925,55
nj,103P05926,53.217
nj,103P05927,50
nj,103P05928,50
nj,103P05929,50
nj,103P05930,50
nj,103P05931,50
nj,103P05932,50
nj,103P05933,47.676
nj,103P05934,40
nj,103P05935,42.85
nj,103P05936,48.322
nj,103P05937,50
nj,103P05938,50
nj,103P05939,50
nj,103P05940,49.7
nj,103P05941,40
nj,103P05942,40
nj,103P05943,52.552
nj,103P05944,55
nj,103P05945,55
nj,103P05946,55
nj,103P05947,55
nj,103P05948,55
nj,103P05949,55
nj,103P05950,55
nj,103P05951,55
nj,103P05952,47.879
nj,103P05953,50
nj,103P05999,43.449
nj,103P06000,40
nj,103P06001,40
nj,103P06002,38.407
nj,103P06003,30
nj,103P06004,30
nj,103P06005,32.021
nj,103P06006,35
nj,103P06007,36.252
nj,103P06008,40
nj,103P06009,40
nj,103P06010,40
nj,103P06011,40
nj,103P06012,40
nj,103P06013,44.43
nj,103P06014,45
nj,103P06015,42.88
nj,103P06016,50
nj,103P06017,50
nj,103P06018,47.775
nj,103P06019,40.591
nj,103P06020,50
nj,103P06021,50
nj,103P06022,52.844
nj,103P06023,47.822
nj,103P06024,50
nj,103P06025,50
nj,103P06026,49.159
nj,103P06027,45
nj,103P06028,44.352
nj,103P06029,40
nj,103P06030,46.793
nj,103P06031,48.174
nj,103P06032,32.9
nj,103P06033,38.846
nj,103P06034,50.967
nj,103P06035,55
nj,103P06965,40
nj,103P06966,45
nj,103P06967,54.042
nj,103P06969,55
nj,103P06970,30
nj,103P06971,44.564
nj,103P06972,45
nj,103P06973,53.614
nj,103P06975,50
nj,103P06978,50
nj,103P06979,50
nj,103P06980,50
nj,103P06981,55
nj,103P06982,35
nj,103P06983,27.284
nj,103P06984,25
nj,103P06988,44.852
nj,103P06991,55
nj,103P06992,48.97
nj,103P06993,49.892
nj,103P06994,34.35
nj,103P06998,48.633
nj,103P06999,54.298
nj,103P07013,46.88
nj,103P07014,50
nj,103P07019,35
nj,103P07020,35
nj,103P07021,50
nj,103P07022,52.503
nj,103P07035,42.865
nj,103P07036,
nj,103P07037,50
nj,103P07038,50
nj,103P07039,55
nj,103P07040,55
nj,103P07041,55
nj,103P07042,55
nj,103P07043,55
nj,103P07045,45.306
nj,103P07046,30
nj,103P07053,55
nj,103P07062,41.904
nj,103P07065,55
nj,103P07799,29.555
nj,103P07800,41.517
nj,103P07801,45
nj,103P07802,50.18
nj,103P07803,45.853
nj,103P07804,50
nj,103P07805,50
nj,103P07806,48.317
nj,103P07807,46.367
nj,103P07808,30.633
nj,103P07809,48.158
nj,103P07810,35.222
nj,103P07811,36.049
nj,103P07812,48.74
nj,103P07817,25
nj,103P07818,25
nj,103P07819,25
nj,103P07820,25
nj,103P07821,25
nj,103P07822,25
nj,103P08204,47.397
nj,103P08212,50
nj,103P09462,50.136
nj,103P09463,47.949
nj,103P09464,45
nj,103P09465,47.925
nj,103P09466,45
nj,103P09467,50.38
nj,103P09470,40
nj,103P09471,49.725
nj,103P09472,35
nj,103P09475,55
nj,103P09476,55
nj,103P09477,55
nj,103P09478,42.06
nj,103P09479,33.859
nj,103P09480,50
nj,103P09481,33.273
nj,103P09482,45.45
nj,103P09534,45.783
nj,103P09535,50
nj,103P09579,29.604
nj,103P09580,40
nj,103P09581,41.196
nj,103P09582,48.715
nj,103P09587,45.189
nj,103P09588,45.913
nj,103P09589,50
nj,103P09590,50
nj,103P09591,48.288
nj,103P09592,50
nj,103P09593,50
nj,103P09594,47.356
nj,103P09595,48.491
nj,103P09596,44.05
nj,103P09597,30
nj,103P09598,41.639
nj,103P09599,45
nj,103P09600,44.24
nj,103P09601,45.215
nj,103P09602,50
nj,103P09603,50
nj,103P09604,48.414
nj,103P09605,40
nj,103P09606,48.686
nj,103P09607,45.249
nj,103P09608,46.767
nj,103P09609,40.734
nj,103P09610,44.967
nj,103P09611,45.684
nj,103P09612,35
nj,103P09613,35
nj,103P09614,42.729
nj,103P09615,48.823
nj,103P09616,50
nj,103P09617,48.018
nj,103P09618,50
nj,103P09621,36.27
nj,103P09622,35
nj,103P09623,35
nj,103P09624,50
nj,103P09625,49.83
nj,103P09626,45
nj,103P09627,45
nj,103P09628,50
nj,103P09630,49.159
nj,103P09631,49.387
nj,103P09632,50
nj,103P09645,47.453
nj,103P09646,47.472
nj,103P09647,49.393
nj,103P09648,50
nj,103P09649,37.948
nj,103P09650,25
nj,103P09651,25
nj,103P09652,45.785
nj,103P09654,50
nj,103P09655,45
nj,103P09656,45
nj,103P09657,50
nj,103P09658,50
nj,103P09659,46.199
nj,103P09667,35.53
nj,103P09668,25
nj,103P09669,49.819
nj,103P09670,50
nj,103P09674,55
nj,103P09675,55
nj,103P09676,54.901
nj,103P09677,55
nj,103P09678,43.107
nj,103P09679,41.336
nj,103P09680,45
nj,103P09687,37.614
nj,103P09704,49.788
nj,103P09705,50
nj,103P09706,50
nj,103P09707,50
nj,103P09708,50
nj,103P09710,55
nj,103P09711,53.84
nj,103P09712,55
nj,103P09713,39.711
nj,103P09717,42.659
nj,103P09718,30
nj,103P09719,30
nj,103P09724,65
nj,103P09725,65
nj,103P09726,45
nj,103P09727,45
nj,103P09728,50
nj,103P09729,48.744
nj,103P09730,40
nj,103P09731,40.472
nj,103P09732,45
nj,103P09733,45
nj,103P09734,40
nj,103P09735,35.718
nj,103P09736,40
nj,103P09737,40
nj,103P09738,42.045
nj,103P09739,45
nj,103P09740,45
nj,103P09741,36.873
nj,103P09742,35
nj,103P09743,45
nj,103P09744,45
nj,103P09745,45
nj,103P09747,45
nj,103P09751,25
nj,103P09752,25
nj,103P09753,25
nj,103P09754,25
nj,103P09755,25
nj,103P09756,25
nj,103P09757,25
nj,103P09758,25
nj,103P09759,25
nj,103P09766,40
nj,103P09767,50.414
nj,103P09768,35
nj,103P09769,65
nj,103P09770,65
nj,103P09771,56.664
nj,103P09772,55
nj,103P09775,21.241
nj,103P09776,33.19
nj,103P09777,
nj,103P09778,25
nj,103P09779,25
nj,103P09780,25
nj,103P09781,25
nj,103P09922,45
nj,103P09923,43.053
nj,103P09924,40
nj,103P09925,65
nj,103P09926,35.959
nj,103P09989,45
nj,103P09990,44.558
nj,103P09991,45
nj,103P09992,45
nj,103P09993,34.225
nj,103P09994,25
nj,103P09995,25
nj,103P09996,25
nj,103P09997,25
nj,103P09998,30
nj,103P09999,38.935
nj,103P10000,40
nj,103P10001,40
nj,103P10002,40
nj,103P10003,44.671
nj,103P10004,45
nj,103P10005,45
nj,103P10008,43.894
nj,103P10010,44.685
nj,103P10013,31.96
nj,103P10014,45.786
nj,103P10015,40
nj,103P10016,40
nj,103P10017,38.994
nj,103P10018,25
nj,103P10019,65
nj,103P10020,65
nj,103P10021,50
nj,103P10022,50
nj,103P10023,64.494
nj,103P10024,50
nj,103P10025,40.897
nj,103P10026,36.961
nj,103P10027,53.744
nj,103P10028,55
nj,103P10029,55
nj,103P10030,45.711
nj,103P10031,36.849
nj,103P10032,35.474
nj,103P10033,39.244
nj,103P10034,25
nj,103P10038,25
nj,103P10039,25
nj,103P10045,25
nj,103P10046,25
nj,103P10047,25
nj,103P10048,42.124
nj,103P10049,40
nj,103P10050,25
nj,103P10051,25
nj,103P10052,25
nj,103P10053,38.07
nj,103P10054,40
nj,103P10055,39.544
nj,103P10056,44.042
nj,103P10057,35
nj,103P10058,30
nj,103P10059,27.733
nj,103P10060,34.823
nj,103P10061,39.548
nj,103P10062,40
nj,103P10218,40.409
nj,103P10219,45
nj,103P10220,40
nj,103P10235,50
nj,103P10236,49.052
nj,103P10237,50
nj,103P10240,38.493
nj,103P10241,40
nj,103P10242,65
nj,103P10243,65
nj,103P10244,25
nj,103P10245,42.914
nj,103P10246,40.406
nj,103P10247,28.381
nj,103P10248,65
nj,103P10258,42.065
nj,103P10259,35.998
nj,103P10260,40
nj,103P10261,40
nj,103P10262,45
nj,103P10263,45
nj,103P10266,65
nj,103P10278,55
nj,103P10285,47.213
nj,103P10286,50
nj,103P10287,48.256
nj,103P10288,48.395
nj,103P10289,48.486
nj,103P10290,50
nj,103P10292,35
nj,103P10293,
nj,103P10294,43.813
nj,103P10295,65
nj,103P10296,65
nj,103P10299,50
nj,103P10301,35
nj,103P10302,40
nj,103P10303,40
nj,103P10304,40
nj,103P10305,44.155
nj,103P10306,49.512
nj,103P10307,50
nj,103P10308,50
nj,103P10309,50
nj,103P10310,48.055
nj,103P10311,45.419
nj,103P10899,36.139
nj,103P10900,48.764
nj,103P10901,37.277
nj,103P10902,46.58
nj,103P10903,50
nj,103P10904,52.249
nj,103P10905,55
nj,103P11258,25
nj,103P11259,26.525
nj,103P11260,43.073
nj,103P11261,45
nj,103P11264,45
nj,103P11265,43.099
nj,103P11266,33.611
nj,103P11267,30
nj,103P11268,
nj,103P11269,47.684
nj,103P11270,35
nj,103P11273,
nj,103P11274,40
nj,103P11275,40
nj,103P11276,43.73
nj,103P11277,50
nj,103P11278,40
nj,103P11279,45
nj,103P11280,35
nj,103P11281,38.2
nj,103P11282,40
nj,103P11284,45
nj,103P11285,45
nj,103P11286,43.43
nj,103P11287,45
nj,103P11288,45
nj,103P11289,31.144
nj,103P11290,35.29
nj,103P11291,40
nj,103P11292,40
nj,103P11303,50
nj,103P11304,49.782
nj,103P11305,50
nj,103P11306,33.992
nj,103P11307,35
nj,103P11308,42.854
nj,103P11309,38.132
nj,103P11310,40
nj,103P11311,44.669
nj,103P11312,50
nj,103P11314,25
nj,103P11315,33.856
nj,103P11316,35.468
nj,103P11317,
nj,103P11318,35
nj,103P11319,35
nj,103P11320,
nj,103P11321,47.56
nj,103P11322,50
nj,103P11327,50
nj,103P11328,
nj,103P11329,
nj,103P11344,45.079
nj,103P11345,45
nj,103P11363,27.297
nj,103P11364,37.445
nj,103P11365,40
nj,103P11366,50
nj,103P11367,50
nj,103P11368,44.519
nj,103P11369,35
nj,103P11373,45
nj,103P11374,49.082
nj,103P11375,50
nj,103P11376,50
nj,103P11377,50
nj,103P11386,32.776
nj,103P11387,36.02
nj,103P11388,35
nj,103P11389,35
nj,103P11390,39.167
nj,103P11391,40
nj,103P11392,40
nj,103P11393,40
nj,103P11394,40
nj,103P11395,44.772
nj,103P11396,45
nj,103P11397,30
nj,103P11398,44.717
nj,103P11399,47.357
nj,103P11400,40
nj,103P11401,38.814
nj,103P11402,40
nj,103P11403,25.383
nj,103P11404,
nj,103P11409,40
nj,103P11410,38.753
nj,103P11411,43.927
nj,103P11412,45
nj,103P11413,40
nj,103P11416,47.177
nj,103P11417,50
nj,103P11418,50
nj,103P11419,50
nj,103P11420,48.829
nj,103P11429,27.936
nj,103P11430,35
nj,103P11431,31.18
nj,103P11432,35
nj,103P11433,25.402
nj,103P11434,25
nj,103P11435,25
nj,103P11436,25
nj,103P11437,25
nj,103P11438,25
nj,103P11440,48.319
nj,103P11441,34.746
nj,103P11443,26.036
nj,103P11444,35
nj,103P11445,25
nj,103P11446,25
nj,103P11447,26.256
nj,103P11448,42.824
nj,103P11449,
nj,103P11450,
nj,103P11454,30
nj,103P11455,35
nj,103P11456,
nj,103P11457,42.18
nj,103P11458,45
nj,103P11459,45
nj,103P11460,46.235
nj,103P11461,50
nj,103P11465,34.287
nj,103P11466,39.299
nj,103P11467,40
nj,103P11468,40
nj,103P11469,41.485
nj,103P11470,40
nj,103P11471,30.406
nj,103P11472,25
nj,103P11473,25
nj,103P11474,25
nj,103P11475,25
nj,103P11476,25
nj,103P11477,25
nj,103P11478,25
nj,103P11484,26.976
nj,103P11485,46.426
nj,103P11486,50
nj,103P11487,50
nj,103P11488,25.224
nj,103P11489,25
nj,103P11490,25
nj,103P11491,25
nj,103P11492,38.48
nj,103P11493,42.438
nj,103P11517,35
nj,103P11518,25
nj,103P11519,
nj,103P11520,
nj,103P11522,38.268
nj,103P11524,35
nj,103P11525,35
nj,103P11526,27.828
nj,103P11527,25
nj,103P11528,
nj,103P11533,35
nj,103P11534,35
nj,103P11541,36.33
nj,103P11542,40
nj,103P11543,40
nj,103P11565,30.255
nj,103P11566,
nj,103P11574,25
nj,103P11575,34.261
nj,103P11576,35
nj,103P11577,25.068
nj,103P11578,25
nj,103P11580,37.305
nj,103P11581,45
nj,103P11582,44.416
nj,103P11583,25
nj,103P11584,32.753
nj,103P11586,
nj,103P11587,44.093
nj,103P11588,37.363
nj,103P11590,35
nj,103P11591,35
nj,103P11592,38.522
nj,103P11593,38.648
nj,103P11594,40
nj,103P11610,
nj,103P11611,
nj,103P11637,45
nj,103P11661,40
nj,103P11662,40
nj,103P11663,45
nj,103P11664,45
nj,103P11667,30.821
nj,103P11668,37.203
nj,103P11672,25
nj,103P11673,25
nj,103P11674,25
nj,103P11675,25
nj,103P11676,25
nj,103P11691,45
nj,103P11692,37.648
nj,103P11693,35
nj,103P11698,25.092
nj,103P11699,36.889
nj,103P11700,40
nj,103P11701,44.774
nj,103P11702,30
nj,103P11703,30
nj,103P11709,33.018
nj,103P11710,25
nj,103P11711,25
nj,103P11719,40.9
nj,103P11720,35
nj,103P11721,35
nj,103P11723,41.526
nj,103P11724,30
nj,103P11736,50
nj,103P11737,49.305
nj,103P11738,45
nj,103P11752,
nj,103P11753,
nj,103P11755,41.294
nj,103P11771,
nj,103P11772,
nj,103P11773,35.376
nj,103P11774,30
nj,103P11776,47.979
nj,103P11777,50
nj,103P11778,50
nj,103P11779,45
nj,103P11780,45
nj,103P11819,35
nj,103P11820,29.871
nj,103P11821,35
nj,103P11826,40.072
nj,103P11827,45
nj,103P11828,45
nj,103P11829,45
nj,103P11830,45
nj,103P11831,45
nj,103P11832,45
nj,103P11833,45
nj,103P11840,39.64
nj,103P11841,35
nj,103P11842,35
nj,103P11852,25
nj,103P11853,25
nj,103P11870,26.044
nj,103P11871,
nj,103P11884,25
nj,103P11885,25
nj,103P11953,40
nj,103P11954,40
nj,103P11955,39.809
nj,103P11956,35
nj,103P11962,25
nj,103P11963,25
nj,103P11964,25
nj,103P12127,35
nj,103P12128,35
nj,103P12129,35
nj,103P12135,46.325
nj,103P12136,41.282
nj,103P12137,35
nj,103P12139,23.732
nj,103P12167,42.725
nj,103P12168,40
nj,103P12281,25
nj,103P12282,
nj,103P12304,30.956
nj,103P12305,39.021
nj,103P12306,40
nj,103P12319,45.212
nj,103P12320,49.669
nj,103P12334,
nj,103P12335,
nj,103P12351,25
nj,103P12352,25
nj,103P12353,25
nj,103P12354,25
nj,103P12355,25
nj,103P12379,39.726
nj,103P12380,35
nj,103P12382,25
nj,103P12383,25
nj,103P12440,25
nj,103P12447,35
nj,103P12448,35
nj,103P12483,25
nj,103P12484,45
nj,103P12485,
nj,103P12491,35
nj,103P12492,55
nj,103P12516,25
nj,103P12517,25
nj,103P12518,25
nj,103P12572,45
nj,103P12573,43.421
nj,103P12574,44.174
nj,103P12577,45
nj,103P12603,35
nj,103P12642,
nj,103P12643,25.985
nj,103P12644,25
nj,103P12740,35
nj,103P12741,31.309
nj,103P12742,43.409
nj,103P12759,28.665
nj,103P12760,30
nj,103P12762,25
nj,103P12930,50
nj,103P12931,45
nj,103P12966,35
nj,103P12990,25
nj,103P12991,25
nj,103P12992,25
nj,103P12993,25
nj,103P12994,35.148
nj,103P12995,25.959
nj,103P12996,45
nj,103P12997,45
nj,103P13084,25
nj,103P13085,25
nj,103P13122,25
nj,103P13123,50
nj,103P13124,50
nj,103P13165,30.447
nj,103P13166,
nj,103P13167,35
nj,103P13168,35
nj,103P13169,35
nj,103P13251,25
nj,103P13252,25
nj,103P13253,25
nj,103P13258,25
nj,103P13271,40
nj,103P13272,
nj,103P13301,26.386
nj,103P13302,25
nj,103P13335,25
nj,103P13336,25
nj,103P13523,31.114
nj,103P13524,40
nj,103P13525,
nj,103P13547,45
nj,103P13586,25
nj,103P13587,40
nj,103P13588,39.502
nj,103P13589,35
nj,103P13635,40
nj,103P13654,42.126
nj,103P13655,45
nj,103P13656,44.325
nj,103P13657,43.48
nj,103P13658,35
nj,103P13755,35
nj,103P13756,25
nj,103P13870,25
nj,103P13871,25
nj,103P13872,
nj,103P13914,38.657
nj,103P13915,45
nj,103P13916,45
nj,103P13927,38.488
nj,103P13928,35
nj,103P13974,25
nj,103P13975,25
nj,103P13986,35.271
nj,103P13987,40
nj,103P13988,40
nj,103P14005,39.591
nj,103P14006,44.158
nj,103P14007,50
nj,103P14037,36.017
nj,103P14038,41.569
nj,103P14039,30
nj,103P14054,45
nj,103P14417,65
nj,103P14418,65
nj,103P14475,
nj,103P14477,
nj,103P14479,
nj,103P14531,
nj,103P14533,
nj,103P14535,
nj,103P14541,
nj,103P14543,
nj,103P14545,
nj,103P14547,
nj,103P14563,
nj,103P14571,
nj,103P14607,
nj,103P14609,
nj,103P14611,
nj,103P14613,
nj,103P14681,
nj,103P14683,
nj,103P14747,
nj,103P14749,
nj,103P14751,
nj,103P14753,
nj,103P14777,
nj,103P14779,
nj,103P14781,
nj,103P14783,
nj,103P15239,
nj,103P15241,
nj,103P15243,
nj,103P15245,
nj,103P15247,
nj,103P15249,
nj,103P15251,
nj,103P15253,
nj,103P15409,
nj,103P15411,
nj,103P15413,
nj,103P15415,
nj,103P15417,
nj,103P15419,
nj,103P15421,
nj,103P15423,
nj,103P15425,
nj,103P15427,
nj,103P15429,
nj,103P15431,
nj,103P15433,
nj,103P15435,
nj,103P15437,
nj,103P15439,
nj,103P15441,
nj,103P15443,
nj,103P15445,
nj,103P15447,
nj,103P15449,
nj,103P15451,
nj,103P15453,
nj,103P15455,
nj,103P15457,
nj,103P15459,
nj,103P15461,
nj,103P15463,
nj,103P15465,
nj,103P15467,
nj,103P15469,
nj,103P15471,
nj,103P15473,
nj,103P15475,
nj,103P15477,
nj,103P15486,50
nj,103P15490,40
nj,103P15492,45
nj,103P15526,55
nj,103P15548,55
nj,103P15561,25
nj,103P15562,25
nj,103P15563,25
nj,103P15564,40.519
nj,103P15565,43.092
nj,103P15566,40
nj,103P15569,25
nj,103P15570,25
nj,103P15571,25
nj,103P15572,25
nj,103P15573,25
nj,103P15574,25
nj,103P15575,
nj,103P15576,25
nj,103P15577,25
nj,103P15578,25
nj,103P15579,25
nj,103P15580,40
nj,103P15581,
nj,103P15582,36.616
nj,103P15583,35
nj,103P15599,25
nj,103P15600,
nj,103P15660,
nj,103P15662,
nj,103P15664,
nj,103P15666,
nj,103P15668,
nj,103P15670,
nj,103P15672,
nj,103P15674,
nj,103P15676,
nj,103P15678,
nj,103P15680,
nj,103P15682,
nj,103P15684,
nj,103P15686,
nj,103P15688,
nj,103P15690,
nj,103P15692,
nj,103P15694,
nj,103P15696,
nj,103P15697,45.621
nj,103P15698,50
nj,103P15699,47.101
nj,103P15700,45
nj,103P16176,41.327
nj,103P16177,40
nj,103P16180,
nj,103P16181,
nj,103P16182,
nj,103P16201,55
nj,103P16231,
nj,103P16232,
nj,103P16248,42.059
nj,103P16267,
nj,103P16287,
nj,103P16288,
nj,103P16289,
nj,103P16290,
nj,103P16291,25
nj,103P16292,25
nj,103P16293,
nj,103P16294,
nj,103P16295,25
nj,103P16296,25
nj,103P16309,45
nj,103P16310,40
nj,103P16311,40
nj,103P16312,36.391
nj,103P16313,30
nj,103P16314,35
nj,103P16315,35
nj,103P16316,35
nj,103P16323,
nj,103P16324,
nj,103P16337,35
nj,103P16338,35
nj,103P16346,25
nj,103P16347,30
nj,103P16348,25
nj,103P16349,25
nj,103P16353,45
nj,103P16354,45
nj,103P16359,
nj,103P16360,32.869
nj,103P16361,
nj,103P16362,
nj,103P16365,
nj,103P16369,
nj,103P16370,41.642
nj,103P16371,45
nj,103P16399,
nj,103P16401,
nj,103P16403,
nj,103P16405,
nj,103P16407,
nj,103P16409,
nj,103P16411,
nj,103P16413,
nj,103P16415,
nj,103P16417,
nj,103P16419,
nj,103P16421,
nj,103P16423,
nj,103P16425,
nj,103P16427,
nj,103P16429,
nj,103P16431,
nj,103P16703,
nj,103P16705,
nj,103P16707,
nj,103P16709,
nj,103P16711,
nj,103P16713,
nj,103P16715,
nj,103P16717,
nj,103P16719,
nj,103P16721,
nj,103P16723,
nj,103P16725,
nj,103P16727,
nj,103P16729,
nj,103P16731,
nj,103P16733,
nj,103P16808,39.519
nj,103P16810,52.709
nj,103P16812,55
nj,103P16815,50
nj,103P16816,50
nj,103P16817,50
nj,103P16833,38.117
nj,103P16839,
nj,103P16923,25
nj,103P16925,25
nj,103P16926,25
nj,103P16927,25
nj,103P16928,25
nj,103P16929,25
nj,103P16930,25
nj,103P16931,25
nj,103P17026,35
nj,103P17027,35
nj,103P17035,
nj,103P17037,
nj,103P17039,
nj,103P17041,
nj,103P17043,
nj,103P17045,
nj,103P17047,
nj,103P17049,
nj,103P17051,
nj,103P17053,
nj,103P17055,
nj,103P17057,
nj,103P17059,
nj,103P17210,
nj,103P17212,
nj,103P17214,
nj,103P17216,
nj,103P17218,
nj,103P17220,
nj,103P17222,
nj,103P17224,
nj,103P17226,
nj,103P17228,
nj,103P17230,
nj,103P17232,
nj,103P17234,
nj,103P17236,
nj,103P17238,
nj,103P17239,50
nj,103P17240,50
nj,103P17242,
nj,103P17244,
nj,103P17246,
nj,103P17248,
nj,103P17256,
nj,103P17257,
nj,103P17258,42.24
nj,103P17259,50
nj,103P17262,
nj,103P17264,
nj,103P17266,
nj,103P17268,
nj,103P17270,
nj,103P17272,
nj,103P17274,
nj,103P17276,
nj,103P17278,
nj,103P17280,
nj,103P17282,
nj,103P17284,
nj,103P17286,
nj,103P17288,
nj,103P17290,
nj,103P17292,
nj,103P17294,
nj,103P17295,65
nj,103P17296,65
nj,103P17297,65
nj,103P17298,65
nj,103P17299,65
nj,103P17300,65
nj,103P17301,65
nj,103P17321,49.002
nj,103P17322,34.018
nj,103P17401,50
nj,103P17402,50
nj,103P17418,
nj,103P17420,
nj,103P17422,
nj,103P17424,
nj,103P17426,
nj,103P17428,
nj,103P17430,
nj,103P17456,
nj,103P17458,
nj,103P17460,
nj,103P17462,
nj,103P17464,
nj,103P17466,
nj,103P17468,
nj,103P17470,
nj,103P17472,
nj,103P17474,
nj,103P17476,
nj,103P17478,
nj,103P17480,
nj,103P17482,
nj,103P17484,
nj,103P17486,
nj,103P17488,
nj,103P17490,
nj,103P17492,
nj,103P17494,
nj,103P17496,
nj,103P17498,
nj,103P17500,
nj,103P17502,
nj,103P17504,
nj,103P17506,
nj,103P17508,
nj,103P17544,
nj,103P17546,
nj,103P17548,
nj,103P17550,
nj,103P17560,
nj,103P17562,
nj,103P17564,
nj,103P17566,
nj,103P17568,
nj,103P17570,
nj,103P17572,
nj,103P17574,
nj,103P17576,
nj,103P17578,
nj,103P17580,
nj,103P17582,
nj,103P17584,
nj,103P17586,
nj,103P17588,
nj,103P17590,
nj,103P17592,
nj,103P17594,
nj,103P17596,
nj,103P17598,
nj,103P17618,31.638
nj,103P17619,35
nj,103P17621,25
nj,103P17622,40
nj,103P17624,48.815
nj,103P17625,45.528
nj,103P17626,40
nj,103P17628,27.086
nj,103P17629,25
nj,103P17630,35.396
nj,103P17631,40
nj,103P17633,25
nj,103P17634,25
nj,103P17636,39.408
nj,103P17637,34.332
nj,103P17638,25
nj,103P17639,25
nj,103P17641,32.856
nj,103P17642,35
nj,103P17643,44.233
nj,103P17644,45
nj,103P17646,35
nj,103P17647,35
nj,103P17648,30.511
nj,103P17649,30
nj,103P17650,30
nj,103P17651,30
nj,103P17652,
nj,103P17654,25
nj,103P17655,25
nj,103P17657,40
nj,103P17658,40
nj,103P17660,35
nj,103P17661,35
nj,103P17662,35
nj,103P17665,
nj,103P17930,
nj,103P17931,40
nj,103P17942,25
nj,103P17944,25
nj,103P17964,
nj,103P18038,
nj,103P18040,
nj,103P18042,
nj,103P18044,
nj,103P18046,
nj,103P50063,
nj,103P50064,
nj,103P50066,29.1
nj,103P50067,40
nj,103P50082,
nj,103P50083,
nj,103P50085,
nj,103P50086,
nj,103P50101,
nj,103P50102,
nj,103P50104,
nj,103P50105,
nj,103P50111,25.29
nj,103P50112,30
nj,103P50114,39.064
nj,103P50115,49.09
nj,103P50116,40
nj,103P50396,
nj,103P50397,
nj,103P50399,50
nj,103P50400,50
nj,103P50414,
nj,103P50415,
nj,103P50416,25
nj,120N04291,55
nj,120N04292,55
nj,120N04293,55
nj,120N04294,55
nj,120N04295,55
nj,120N04296,55
nj,120N04297,55
nj,120N04298,55
nj,120N04299,55
nj,120N04300,55
nj,120N04301,55
nj,120N04302,55
nj,120N04303,55
nj,120N04304,55
nj,120N04305,55
nj,120N04306,55
nj,120N04307,55
nj,120N04308,55
nj,120N04309,59.228
nj,120N04310,65
nj,120N04311,65
nj,120N04312,65
nj,120N04313,65
nj,120N04314,65
nj,120N04315,65
nj,120N04316,65
nj,120N04317,65
nj,120N04318,65
nj,120N04319,65
nj,120N04320,65
nj,120N04321,65
nj,120N04322,65
nj,120N04323,65
nj,120N04324,65
nj,120N04325,65
nj,120N04326,65
nj,120N04327,65
nj,120N04328,65
nj,120N04329,55
nj,120N04330,55
nj,120N04331,55
nj,120N04332,55
nj,120N04333,55
nj,120N04334,55
nj,120N04335,55
nj,120N04336,55
nj,120N04337,55
nj,120N04338,55
nj,120N04339,53.329
nj,120N04340,50
nj,120N04341,50
nj,120N04342,50
nj,120N04343,50
nj,120N04344,50
nj,120N04345,50
nj,120N04346,50
nj,120N04347,53.94
nj,120N04348,55
nj,120N04349,55
nj,120N04350,55
nj,120N04351,55
nj,120N04352,55
nj,120N04353,55
nj,120N04354,55
nj,120N04355,63.967
nj,120N04356,65
nj,120N04357,65
nj,120N04358,65
nj,120N04359,65
nj,120N04398,65
nj,120N04399,65
nj,120N04400,65
nj,120N04401,65
nj,120N04402,65
nj,120N04403,65
nj,120N04404,65
nj,120N04405,65
nj,120N04406,65
nj,120N04407,65
nj,120N04408,65
nj,120N04409,65
nj,120N04410,65
nj,120N04411,65
nj,120N04412,65
nj,120N04413,65
nj,120N04414,65
nj,120N04415,59.716
nj,120N04416,55
nj,120N04417,55
nj,120N04418,55
nj,120N04419,55
nj,120N04420,50
nj,120N04421,50
nj,120N04422,40
nj,120N04423,40
nj,120N04424,40
nj,120N04455,65
nj,120N04456,65
nj,120N04457,65
nj,120N04458,65
nj,120N04459,65
nj,120N04460,65
nj,120N04461,65
nj,120N04462,59.715
nj,120N04463,55
nj,120N04464,55
nj,120N04465,55
nj,120N04466,55
nj,120N04467,63.434
nj,120N04468,65
nj,120N04469,65
nj,120N04470,65
nj,120N04471,65
nj,120N04472,65
nj,120N04473,65
nj,120N04474,65
nj,120N04475,65
nj,120N04476,65
nj,120N04477,65
nj,120N04478,65
nj,120N04479,65
nj,120N04480,65
nj,120N04481,65
nj,120N04482,65
nj,120N04483,65
nj,120N04484,65
nj,120N04485,65
nj,120N04486,57.755
nj,120N04487,55
nj,120N04488,55
nj,120N04489,55
nj,120N04490,55
nj,120N04491,55
nj,120N04492,55
nj,120N04493,55
nj,120N04494,55
nj,120N04495,55
nj,120N04496,63.985
nj,120N04497,65
nj,120N04498,65
nj,120N04499,65
nj,120N04500,65
nj,120N04501,65
nj,120N04502,65
nj,120N04503,65
nj,120N04504,65
nj,120N04505,65
nj,120N04506,63.679
nj,120N04507,55
nj,120N04508,52.337
nj,120N04509,55
nj,120N04510,55
nj,120N04511,55
nj,120N04512,55
nj,120N04513,55
nj,120N04514,55
nj,120N04515,55
nj,120N04516,55
nj,120N04517,60.543
nj,120N04518,65
nj,120N04519,65
nj,120N04520,65
nj,120N04521,65
nj,120N04522,60.166
nj,120N04523,55
nj,120N04524,55
nj,120N04525,55
nj,120N04526,55
nj,120N04527,55
nj,120N04528,55
nj,120N04529,55
nj,120N04530,55
nj,120N04531,65
nj,120N04532,65
nj,120N04533,65
nj,120N04534,65
nj,120N04535,65
nj,120N04536,65
nj,120N04537,65
nj,120N04538,61.574
nj,120N04539,55
nj,120N04540,55
nj,120N04541,55
nj,120N04542,65
nj,120N04543,65
nj,120N04544,65
nj,120N04545,65
nj,120N04546,65
nj,120N04547,60.214
nj,120N04548,55
nj,120N04549,64.062
nj,120N04550,65
nj,120N04551,65
nj,120N04552,65
nj,120N04553,65
nj,120N04554,65
nj,120N04555,65
nj,120N04556,51.391
nj,120N04557,55
nj,120N04558,55
nj,120N04559,55
nj,120N04560,55
nj,120N04561,55
nj,120N04562,55
nj,120N04563,65
nj,120N04564,65
nj,120N04565,65
nj,120N04566,65
nj,120N04567,65
nj,120N04568,65
nj,120N04569,65
nj,120N04570,65
nj,120N04571,65
nj,120N04572,65
nj,120N04573,65
nj,120N04574,57.642
nj,120N04575,55
nj,120N04576,55
nj,120N04577,55
nj,120N04578,55
nj,120N04579,65
nj,120N04580,65
nj,120N04581,65
nj,120N04582,65
nj,120N04583,65
nj,120N04584,65
nj,120N04585,65
nj,120N04586,65
nj,120N04587,65
nj,120N04588,65
nj,120N04589,57.713
nj,120N04590,55
nj,120N04591,55
nj,120N04592,55
nj,120N04593,55
nj,120N04594,55
nj,120N04595,55
nj,120N04596,55
nj,120N04597,55
nj,120N04598,55
nj,120N04599,55
nj,120N04600,55
nj,120N04601,55
nj,120N04602,55
nj,120N04603,55
nj,120N04604,55
nj,120N04605,55
nj,120N04606,55
nj,120N04607,55
nj,120N04608,55
nj,120N04609,55
nj,120N04610,55
nj,120N04611,55
nj,120N04612,55
nj,120N04613,55
nj,120N04614,55
nj,120N04615,55
nj,120N04616,53.173
nj,120N04617,65
nj,120N04618,65
nj,120N04619,65
nj,120N04620,65
nj,120N04621,65
nj,120N04622,65
nj,120N04623,65
nj,120N04624,63.918
nj,120N04625,55
nj,120N04626,55
nj,120N04627,55
nj,120N04628,63.498
nj,120N04629,65
nj,120N04630,65
nj,120N04631,65
nj,120N04632,65
nj,120N04633,65
nj,120N04634,65
nj,120N04635,65
nj,120N04636,65
nj,120N04637,65
nj,120N04638,65
nj,120N04639,65
nj,120N04640,65
nj,120N04641,65
nj,120N04642,65
nj,120N04643,65
nj,120N04644,65
nj,120N04645,61.712
nj,120N04646,55
nj,120N04647,55
nj,120N04648,55
nj,120N04649,55
nj,120N04650,55
nj,120N04651,55
nj,120N04652,55
nj,120N04653,55
nj,120N04654,55
nj,120N04655,55
nj,120N04656,55
nj,120N04657,55
nj,120N04658,55
nj,120N04659,55
nj,120N04660,55
nj,120N04661,55
nj,120N04662,55
nj,120N04663,55
nj,120N04664,55
nj,120N04665,55
nj,120N04666,55
nj,120N04667,55
nj,120N04668,46.332
nj,120N04669,29.809
nj,120N04670,55
nj,120N04671,55
nj,120N04672,55
nj,120N04673,55
nj,120N04674,55
nj,120N04675,55
nj,120N04676,55
nj,120N04677,55
nj,120N04678,55
nj,120N04679,55
nj,120N04680,55
nj,120N04681,55
nj,120N04682,55
nj,120N04683,55
nj,120N04684,55
nj,120N04685,55
nj,120N04686,55
nj,120N04687,55
nj,120N04688,55
nj,120N04689,55
nj,120N04690,15
nj,120N04691,51.971
nj,120N04692,55
nj,120N04693,55
nj,120N04694,55
nj,120N04695,60.67
nj,120N04696,65
nj,120N04697,65
nj,120N04698,65
nj,120N04699,65
nj,120N04700,65
nj,120N04701,65
nj,120N04702,65
nj,120N04703,65
nj,120N04704,65
nj,120N04705,65
nj,120N04706,65
nj,120N04707,65
nj,120N04708,65
nj,120N04709,65
nj,120N04710,61.689
nj,120N04711,55
nj,120N04712,55
nj,120N04713,55
nj,120N04714,55
nj,120N04715,55
nj,120N04716,47.814
nj,120N04717,55
nj,120N04718,55
nj,120N04719,55
nj,120N04720,55
nj,120N04721,55
nj,120N04722,55
nj,120N04723,55
nj,120N04724,55
nj,120N04725,55
nj,120N04726,55
nj,120N04727,55
nj,120N04728,55
nj,120N04729,55
nj,120N04730,55
nj,120N04731,55
nj,120N04732,55
nj,120N04733,55
nj,120N04734,55
nj,120N04735,55
nj,120N04736,55
nj,120N04737,55
nj,120N04738,55
nj,120N04739,55
nj,120N04740,55
nj,120N04766,35
nj,120N04767,35
nj,120N04768,35
nj,120N04769,36.543
nj,120N04770,50
nj,120N04771,50
nj,120N04772,50
nj,120N04773,42.548
nj,120N04774,47.378
nj,120N04775,49.868
nj,120N04776,50
nj,120N04777,50
nj,120N04778,50
nj,120N04779,50
nj,120N04780,45
nj,120N04781,46.963
nj,120N04782,45
nj,120N04783,55
nj,120N04784,55
nj,120N04785,55
nj,120N04786,55
nj,120N04787,52.543
nj,120N04788,45
nj,120N04789,55
nj,120N04790,55
nj,120N04791,55
nj,120N04792,55
nj,120N04793,55
nj,120N04955,50
nj,120N04956,50
nj,120N04957,50
nj,120N04958,50
nj,120N04959,50
nj,120N04960,50
nj,120N04961,50
nj,120N04962,50
nj,120N04963,50
nj,120N04964,50
nj,120N04965,50
nj,120N04966,49.457
nj,120N04967,45
nj,120N04968,45
nj,120N04969,45
nj,120N04970,43.111
nj,120N04971,55
nj,120N04972,55
nj,120N04973,55
nj,120N04974,55
nj,120N04975,42.069
nj,120N04976,55
nj,120N05399,50
nj,120N05400,50
nj,120N05401,50
nj,120N05402,50
nj,120N05403,50
nj,120N05404,50
nj,120N05417,65
nj,120N05418,65
nj,120N05419,65
nj,120N05420,65
nj,120N05421,65
nj,120N05422,45
nj,120N05423,45
nj,120N05424,45
nj,120N05426,45
nj,120N05427,45
nj,120N05436,35
nj,120N05437,35
nj,120N05897,55
nj,120N05898,55
nj,120N05899,55
nj,120N05900,55
nj,120N05901,55
nj,120N05902,65
nj,120N05903,65
nj,120N05904,65
nj,120N05905,65
nj,120N05906,65
nj,120N05907,65
nj,120N05908,65
nj,120N05909,65
nj,120N05910,65
nj,120N05911,65
nj,120N05912,65
nj,120N06005,30
nj,120N06006,40.095
nj,120N06007,47.536
nj,120N06008,46.132
nj,120N06009,45
nj,120N06010,45
nj,120N06011,38.899
nj,120N06012,35
nj,120N06013,48.689
nj,120N06014,49.618
nj,120N06015,45
nj,120N06016,44.517
nj,120N06017,40
nj,120N06018,45
nj,120N06019,42.969
nj,120N06020,40
nj,120N06021,37.798
nj,120N06022,37.867
nj,120N06023,40
nj,120N06024,40
nj,120N06025,40
nj,120N06026,40
nj,120N06027,40
nj,120N06028,40
nj,120N06029,41.171
nj,120N06030,45
nj,120N06031,45
nj,120N06032,47.538
nj,120N06033,50
nj,120N06034,50
nj,120N06035,50
nj,120N06036,50
nj,120N06037,50
nj,120N06038,50
nj,120N06039,50
nj,120N06040,50
nj,120N06041,50
nj,120N06042,50
nj,120N06043,50
nj,120N06044,50
nj,120N06045,50
nj,120N06046,50
nj,120N06047,50
nj,120N06048,50
nj,120N06049,50
nj,120N06050,50
nj,120N06051,50
nj,120N06052,50
nj,120N06053,50
nj,120N06054,50
nj,120N06055,50
nj,120N06056,38.292
nj,120N06057,35.301
nj,120N06058,41.978
nj,120N06059,45
nj,120N06060,45
nj,120N06061,40
nj,120N06062,50
nj,120N06063,50
nj,120N06064,50
nj,120N06065,50
nj,120N06066,50
nj,120N06067,50
nj,120N06068,50
nj,120N06069,49.051
nj,120N06070,40.499
nj,120N06071,40
nj,120N06072,40
nj,120N06073,40
nj,120N06074,40
nj,120N06075,40
nj,120N06076,47.964
nj,120N06077,45
nj,120N06078,45
nj,120N06079,45
nj,120N06080,50
nj,120N06081,50
nj,120N06082,50
nj,120N06083,50
nj,120N06084,50
nj,120N06085,50
nj,120N06086,50
nj,120N06087,50
nj,120N06088,50
nj,120N06089,50
nj,120N06090,40.722
nj,120N06091,35
nj,120N06092,35.901
nj,120N06093,30
nj,120N06094,34.163
nj,120N06095,35
nj,120N06096,35
nj,120N06097,45.575
nj,120N06098,50
nj,120N06099,50
nj,120N06100,50
nj,120N06101,50
nj,120N06102,50
nj,120N06103,50
nj,120N06104,50
nj,120N06105,50
nj,120N06106,50
nj,120N06107,50
nj,120N06108,50
nj,120N06109,50
nj,120N06110,50
nj,120N06111,50
nj,120N06112,50
nj,120N06113,50
nj,120N06114,50
nj,120N06115,50
nj,120N06116,50.328
nj,120N06117,55
nj,120N06118,55
nj,120N06119,55
nj,120N06120,55
nj,120N06121,55
nj,120N06122,55
nj,120N06123,55
nj,120N06124,55
nj,120N06125,55
nj,120N06126,55
nj,120N06127,55
nj,120N06128,55
nj,120N06129,55
nj,120N06130,55
nj,120N06142,55
nj,120N06143,55
nj,120N06144,55
nj,120N06145,55
nj,120N06176,65
nj,120N06177,65
nj,120N06178,65
nj,120N06179,65
nj,120N06180,65
nj,120N06181,65
nj,120N06182,63.971
nj,120N06183,55
nj,120N06184,55
nj,120N06185,52.846
nj,120N06186,50
nj,120N06187,50
nj,120N06833,35
nj,120N07087,45
nj,120N07088,45
nj,120N07089,55
nj,120N07090,45.631
nj,120N07253,50
nj,120N07254,48.15
nj,120N07387,45.65
nj,120N07388,50
nj,120N07389,50
nj,120N07390,40
nj,120N07391,41.685
nj,120N07392,44.113
nj,120N07393,45
nj,120N07394,45
nj,120N07395,45
nj,120N07396,45
nj,120N07397,35
nj,120N07398,35
nj,120N07399,35
nj,120N07400,25
nj,120N07401,25
nj,120N07404,40
nj,120N07405,40
nj,120N07406,40
nj,120N07407,55
nj,120N07408,55
nj,120N07409,55
nj,120N07410,55
nj,120N07411,55
nj,120N07412,55
nj,120N07413,55
nj,120N07414,55
nj,120N07415,55
nj,120N07416,55
nj,120N07417,55
nj,120N07418,55
nj,120N07419,55
nj,120N07420,54.757
nj,120N07421,50
nj,120N07422,50
nj,120N07423,50
nj,120N07424,50
nj,120N07425,50
nj,120N07426,50
nj,120N07427,50
nj,120N07428,50
nj,120N07429,47.813
nj,120N07430,45
nj,120N07431,45
nj,120N07432,45
nj,120N07433,45
nj,120N07434,45
nj,120N07435,45
nj,120N07436,45
nj,120N07437,45
nj,120N07438,45
nj,120N07439,45
nj,120N07440,45
nj,120N07442,55
nj,120N07443,55
nj,120N07444,55
nj,120N07445,55
nj,120N07446,55
nj,120N07447,51.843
nj,120N07448,50
nj,120N07449,50
nj,120N07450,35
nj,120N07451,35
nj,120N07452,35
nj,120N07453,35
nj,120N07454,35
nj,120N07455,35
nj,120N07456,35
nj,120N07457,35
nj,120N07458,35
nj,120N07459,41.079
nj,120N07460,55
nj,120N07461,47.762
nj,120N07462,50
nj,120N07463,50
nj,120N07464,50
nj,120N07465,50
nj,120N07466,50
nj,120N07467,55
nj,120N07468,40
nj,120N07469,40
nj,120N07470,52.406
nj,120N07471,45
nj,120N07472,45
nj,120N07473,45
nj,120N07474,45
nj,120N07475,45
nj,120N07476,45
nj,120N07477,45
nj,120N07478,45
nj,120N07479,42.27
nj,120N07480,50
nj,120N07481,50
nj,120N07482,51.787
nj,120N07483,55
nj,120N07484,55
nj,120N07485,55
nj,120N07486,49.81
nj,120N07487,45
nj,120N07488,45
nj,120N07489,45
nj,120N07490,45
nj,120N07491,45
nj,120N07492,40
nj,120N07493,40
nj,120N07494,43.085
nj,120N07495,49.002
nj,120N07496,46.507
nj,120N07497,43.964
nj,120N07498,42.99
nj,120N07499,43.808
nj,120N07500,53.869
nj,120N07501,55
nj,120N07502,48.023
nj,120N07503,39.633
nj,120N07504,45
nj,120N07505,45
nj,120N07506,55
nj,120N07507,49.206
nj,120N07508,45.807
nj,120N07509,50
nj,120N07510,50
nj,120N07511,50
nj,120N07512,48.158
nj,120N07513,48.674
nj,120N07514,47.868
nj,120N07515,45
nj,120N07516,46.515
nj,120N07517,50
nj,120N07518,50
nj,120N07519,62.768
nj,120N07520,50
nj,120N07521,55
nj,120N07522,55
nj,120N07523,54.786
nj,120N07524,45
nj,120N07525,55
nj,120N07526,55
nj,120N07527,55
nj,120N07528,55
nj,120N07529,50
nj,120N07530,55
nj,120N07531,55
nj,120N07532,55
nj,120N07533,55
nj,120N07534,38.054
nj,120N07535,55
nj,120N07536,55
nj,120N07537,55
nj,120N07538,55
nj,120N07539,55
nj,120N07540,55
nj,120N07541,50
nj,120N07542,50
nj,120N07543,50
nj,120N07544,50
nj,120N07545,50
nj,120N07546,50
nj,120N07547,50
nj,120N07548,50
nj,120N07549,50
nj,120N07550,50
nj,120N07551,50
nj,120N07552,40
nj,120N07553,52.315
nj,120N07554,55
nj,120N07555,55
nj,120N07556,55
nj,120N07557,50
nj,120N07558,50
nj,120N07559,44.812
nj,120N07560,25
nj,120N07561,25
nj,120N07562,25
nj,120N07563,25
nj,120N07564,25
nj,120N07565,25
nj,120N07567,25
nj,120N07568,25
nj,120N07569,25
nj,120N07570,25
nj,120N07571,55
nj,120N07572,55
nj,120N07573,55
nj,120N07574,55
nj,120N07575,55
nj,120N07576,55
nj,120N07577,55
nj,120N07578,55
nj,120N07579,55
nj,120N07580,55
nj,120N07581,55
nj,120N07582,53.174
nj,120N07583,52.74
nj,120N07584,54.688
nj,120N07585,50
nj,120N07586,50
nj,120N07587,50
nj,120N07588,50
nj,120N07589,50
nj,120N07590,50
nj,120N07591,50
nj,120N07592,50
nj,120N07593,50
nj,120N07594,50
nj,120N07595,50
nj,120N07596,43.958
nj,120N07597,47.491
nj,120N07598,50
nj,120N07599,50
nj,120N07600,50
nj,120N07601,50
nj,120N07602,50
nj,120N07603,48.136
nj,120N07604,45
nj,120N07605,45
nj,120N07606,45
nj,120N07607,41.083
nj,120N07608,40
nj,120N07609,40
nj,120N07610,40
nj,120N07611,36.11
nj,120N07612,40
nj,120N07613,49.244
nj,120N07614,50
nj,120N07615,50
nj,120N07616,50
nj,120N07617,49.466
nj,120N07618,45.826
nj,120N07619,50
nj,120N07620,50
nj,120N07621,47.548
nj,120N07622,47.907
nj,120N07623,55
nj,120N07624,55
nj,120N07625,55
nj,120N07626,55
nj,120N07627,55
nj,120N07628,55
nj,120N07629,55
nj,120N07630,55
nj,120N07631,55
nj,120N07632,55
nj,120N07633,53.558
nj,120N07634,50
nj,120N07635,50
nj,120N07636,50
nj,120N07637,50
nj,120N07638,50
nj,120N07639,50
nj,120N07640,50
nj,120N07641,50
nj,120N07642,50
nj,120N07643,50
nj,120N07644,50
nj,120N07645,50
nj,120N07646,50
nj,120N07647,49.682
nj,120N07648,50
nj,120N07649,45
nj,120N07650,45
nj,120N07651,42.154
nj,120N07652,39.708
nj,120N07653,44.393
nj,120N07654,40
nj,120N07655,40
nj,120N07656,40
nj,120N07657,40.294
nj,120N07658,50
nj,120N07659,50
nj,120N07660,50
nj,120N07661,50
nj,120N07662,50
nj,120N07663,50
nj,120N07664,35.497
nj,120N07665,40
nj,120N07666,40
nj,120N07667,40
nj,120N07668,40
nj,120N07678,35
nj,120N07679,50
nj,120N07680,50
nj,120N07775,50
nj,120N07776,55
nj,120N07777,55
nj,120N07778,55
nj,120N07779,55
nj,120N07780,55
nj,120N07781,55
nj,120N07805,55
nj,120N07806,55
nj,120N07807,47.325
nj,120N07817,48.168
nj,120N07818,50
nj,120N07819,44.759
nj,120N07820,40
nj,120N07821,30
nj,120N07822,30
nj,120N07823,40
nj,120N07826,43.964
nj,120N07827,43.562
nj,120N07828,45
nj,120N07829,25
nj,120N07830,31.217
nj,120N07831,31.102
nj,120N07832,40
nj,120N07833,42.201
nj,120N07834,39.443
nj,120N07835,33.667
nj,120N07836,38.277
nj,120N07837,38.93
nj,120N07838,30.13
nj,120N07839,35
nj,120N07841,40
nj,120N07842,40
nj,120N07844,55
nj,120N07845,55
nj,120N07846,54.302
nj,120N07847,40
nj,120N07848,40
nj,120N07849,40.312
nj,120N07850,45
nj,120N07851,40
nj,120N07852,37.323
nj,120N07853,38.033
nj,120N07854,39.687
nj,120N07855,40
nj,120N07856,43.465
nj,120N07857,30.239
nj,120N10269,59.625
nj,120N10270,55
nj,120N10271,55
nj,120N10272,55
nj,120N10273,55
nj,120N10274,55
nj,120N10275,55
nj,120N10287,50
nj,120N10288,50
nj,120N10289,50
nj,120N10290,50
nj,120N10291,50
nj,120N10292,50
nj,120N10293,50
nj,120N10294,50
nj,120N10295,50
nj,120N10296,50
nj,120N10297,50
nj,120N10298,50
nj,120N10299,50
nj,120N10300,50
nj,120N10301,50
nj,120N10302,50
nj,120N10303,50
nj,120N10304,50
nj,120N10305,50
nj,120N10306,50
nj,120N10307,42.086
nj,120N10308,40
nj,120N10309,40
nj,120N10310,45
nj,120N10311,45
nj,120N10312,45
nj,120N10313,45
nj,120N10315,45
nj,120N10316,45
nj,120N10317,45
nj,120N10318,40.934
nj,120N10320,38.242
nj,120N10321,40
nj,120N10322,40
nj,120N10372,40.646
nj,120N10373,46.339
nj,120N10374,50
nj,120N10375,47.019
nj,120N10376,42.186
nj,120N10377,41.336
nj,120N10378,40
nj,120N10379,38.086
nj,120N10380,27.105
nj,120N10381,30
nj,120N10382,40
nj,120N10383,40
nj,120N10384,40
nj,120N10385,32.862
nj,120N10386,30
nj,120N10387,32.594
nj,120N10388,35
nj,120N10389,35
nj,120N10390,35
nj,120N10391,35
nj,120N10392,32.116
nj,120N10393,30
nj,120N10394,25
nj,120N10395,33.235
nj,120N10396,47.627
nj,120N10397,50
nj,120N10398,50
nj,120N10399,50
nj,120N10400,50
nj,120N10401,50
nj,120N10402,50
nj,120N10403,50
nj,120N10404,50
nj,120N10405,50
nj,120N10406,50
nj,120N10407,50
nj,120N10408,44.569
nj,120N10409,47.404
nj,120N10410,50
nj,120N10411,48.996
nj,120N10412,46.49
nj,120N10413,42.515
nj,120N10414,33.499
nj,120N10415,44.36
nj,120N10416,35
nj,120N10417,36.868
nj,120N10418,40
nj,120N10419,40
nj,120N10420,38.741
nj,120N10421,55
nj,120N10422,54.463
nj,120N10423,55
nj,120N10424,55
nj,120N10425,55
nj,120N10426,55
nj,120N10427,55
nj,120N10428,54.44
nj,120N10429,50
nj,120N10430,50
nj,120N10446,35
nj,120N10447,38.863
nj,120N10448,38.006
nj,120N10449,30
nj,120N10450,33.069
nj,120N10451,34.637
nj,120N10452,27.87
nj,120N10453,32.559
nj,120N10455,30
nj,120N10456,30
nj,120N10457,26.331
nj,120N10458,33.056
nj,120N10459,38.758
nj,120N10460,40
nj,120N10461,40
nj,120N10462,40
nj,120N10463,40
nj,120N10464,40
nj,120N10488,40
nj,120N10489,34.734
nj,120N10490,33.563
nj,120N10491,49.453
nj,120N10493,50
nj,120N10494,50
nj,120N10495,50
nj,120N10498,45
nj,120N10499,44.444
nj,120N10500,41.523
nj,120N10501,32.933
nj,120N10502,35
nj,120N10503,35
nj,120N10504,55
nj,120N10505,54.385
nj,120N10506,54.057
nj,120N10511,25
nj,120N10512,33.2
nj,120N10513,40
nj,120N10514,40
nj,120N10515,39.278
nj,120N10516,35
nj,120N10517,35
nj,120N10519,35
nj,120N10520,31.854
nj,120N10521,35
nj,120N10522,40.223
nj,120N10525,41.34
nj,120N10526,45
nj,120N10527,35
nj,120N10538,35
nj,120N10539,36.376
nj,120N10550,32.745
nj,120N10551,31.994
nj,120N10669,30
nj,120N10673,65
nj,120N10674,50.842
nj,120N10675,43.422
nj,120N10676,50
nj,120N10677,55
nj,120N10678,55.349
nj,120N10687,45
nj,120N10688,45
nj,120N10689,30
nj,120N10725,35
nj,120N10726,32.014
nj,120N10727,35
nj,120N10728,25
nj,120N10729,30.943
nj,120N10730,35
nj,120N10731,45
nj,120N10732,50
nj,120N10733,50
nj,120N10734,45.716
nj,120N10735,50
nj,120N10736,40
nj,120N10737,50
nj,120N10738,33.596
nj,120N10739,50
nj,120N10740,50
nj,120N10741,50
nj,120N10742,47.189
nj,120N10743,40
nj,120N10744,44.699
nj,120N10745,45
nj,120N10747,55
nj,120N10748,51.545
nj,120N10749,50
nj,120N10750,50
nj,120N10751,50
nj,120N10752,50
nj,120N10754,44.215
nj,120N10755,40
nj,120N10760,40.36
nj,120N10761,30
nj,120N10762,45
nj,120N10763,45
nj,120N10764,36.924
nj,120N10765,36.815
nj,120N10766,34.524
nj,120N10767,40
nj,120N10768,44.567
nj,120N10769,46.81
nj,120N10770,43.371
nj,120N10771,40
nj,120N10772,35
nj,120N10773,35
nj,120N10774,35
nj,120N10775,39.559
nj,120N10776,50
nj,120N10777,50
nj,120N10778,50
nj,120N10779,45.727
nj,120N10780,40
nj,120N10781,40
nj,120N10823,25
nj,120N10824,35
nj,120N10825,32.662
nj,120N10826,25
nj,120N10827,50
nj,120N10828,50
nj,120N10829,42.624
nj,120N10830,47.275
nj,120N10831,55
nj,120N10832,55
nj,120N10833,55
nj,120N10834,55
nj,120N10835,55
nj,120N10836,55
nj,120N10837,40
nj,120N10838,39.608
nj,120N10839,30
nj,120N10840,45
nj,120N10841,45
nj,120N10842,44.522
nj,120N10843,42.185
nj,120N10856,40
nj,120N10857,39.758
nj,120N10858,33.654
nj,120N10859,29.726
nj,120N10860,40
nj,120N10861,40
nj,120N10862,25
nj,120N10863,44.937
nj,120N10864,45
nj,120N10911,41.788
nj,120N10912,42.96
nj,120N10913,35.064
nj,120N10914,40
nj,120N10915,35
nj,120N10916,31.536
nj,120N10933,40
nj,120N10934,30
nj,120N10935,41.498
nj,120N10936,45
nj,120N10937,50
nj,120N10938,41.03
nj,120N10939,40
nj,120N10940,40
nj,120N10941,40
nj,120N10943,55
nj,120N10944,52.551
nj,120N10947,50
nj,120N10950,50
nj,120N10953,45
nj,120N10954,45
nj,120N10961,35.73
nj,120N10962,35
nj,120N10963,33.238
nj,120N10964,34.331
nj,120N10965,35
nj,120N10966,25
nj,120N10967,25
nj,120N10968,30.285
nj,120N10969,33.685
nj,120N10970,26.648
nj,120N10971,35
nj,120N10972,31.264
nj,120N10985,40
nj,120N11004,36.962
nj,120N11005,39.913
nj,120N11006,30
nj,120N11013,50
nj,120N11014,50
nj,120N11015,50
nj,120N11016,50
nj,120N11017,50
nj,120N11018,49.623
nj,120N11019,39.454
nj,120N11020,38.183
nj,120N11021,35
nj,120N11029,49.305
nj,120N11030,50
nj,120N11031,50
nj,120N11032,48.367
nj,120N11033,48.252
nj,120N11034,50
nj,120N11045,30
nj,120N11076,44.488
nj,120N11077,40
nj,120N11078,40
nj,120N11080,28.38
nj,120N11081,43.548
nj,120N11321,42.883
nj,120N11322,50
nj,120N11323,45.325
nj,120N11324,50
nj,120N11325,50
nj,120N11326,50
nj,120N11327,41.7
nj,120N11328,55
nj,120N11329,48.295
nj,120N11335,44.942
nj,120N11347,55
nj,120N11348,55
nj,120N11349,35
nj,120N11350,41.664
nj,120N11351,49.939
nj,120N11352,39.061
nj,120N11353,40.417
nj,120N11354,43.502
nj,120N11355,30
nj,120N11356,50
nj,120N11416,45
nj,120N11417,47.743
nj,120N11418,43.798
nj,120N11419,40.3
nj,120N11421,39.036
nj,120N11423,45
nj,120N11425,45
nj,120N11426,37.037
nj,120N11427,40
nj,120N11428,45
nj,120N11429,49.391
nj,120N11430,50
nj,120N11431,35
nj,120N11432,48.401
nj,120N11433,50
nj,120N11434,46.308
nj,120N11435,49.19
nj,120N11437,41.515
nj,120N11754,45
nj,120N11755,55
nj,120N13093,30
nj,120N13094,30
nj,120N13095,30.167
nj,120N13096,40
nj,120N13155,31.105
nj,120N13156,37.204
nj,120N13157,35.581
nj,120N13165,40.291
nj,120N13166,38.232
nj,120N13176,33.694
nj,120N13177,30
nj,120N13178,25
nj,120N13179,42.974
nj,120N13180,47.135
nj,120N13181,47.435
nj,120N13182,42.288
nj,120N13183,50
nj,120N13184,50
nj,120N13185,45
nj,120N13186,45
nj,120N13187,49.123
nj,120N13188,50.598
nj,120N13189,55
nj,120N13190,55
nj,120N13191,55
nj,120N13192,52.551
nj,120N13193,52.876
nj,120N13194,55
nj,120N13195,55
nj,120N13196,55
nj,120N13197,55
nj,120N13198,55
nj,120N13199,55
nj,120N13200,55
nj,120N13201,50
nj,120N13202,45.336
nj,120N13203,45.438
nj,120N13204,44.924
nj,120N13205,46.845
nj,120N13206,45
nj,120N13216,34.205
nj,120N13217,25
nj,120N13218,39.208
nj,120N13219,43.11
nj,120N13245,50
nj,120N13246,35
nj,120N13247,35
nj,120N13248,31.646
nj,120N13249,43.654
nj,120N13250,42.182
nj,120N13251,45.982
nj,120N13252,43.695
nj,120N13254,48.694
nj,120N13255,45
nj,120N13256,36.002
nj,120N13260,38.613
nj,120N13261,34.619
nj,120N13262,32.859
nj,120N13263,30
nj,120N13264,30
nj,120N13265,50
nj,120N13266,50
nj,120N13267,25
nj,120N13272,41.825
nj,120N13273,37.525
nj,120N13274,44.349
nj,120N13275,47.762
nj,120N13276,40.424
nj,120N13277,45
nj,120N13278,43.158
nj,120N13279,43.685
nj,120N13280,45
nj,120N13281,45
nj,120N13282,37.855
nj,120N13283,35
nj,120N13284,50
nj,120N13406,40
nj,120N13407,50
nj,120N13628,40
nj,120N13629,40
nj,120N13630,40
nj,120N13631,50
nj,120N13632,50
nj,120N13633,50
nj,120N13634,50
nj,120N13642,55
nj,120N13643,55
nj,120N13650,40
nj,120N13651,40
nj,120N13653,28.851
nj,120N13654,25
nj,120N13655,
nj,120N13668,45
nj,120N13669,40.242
nj,120N13670,40
nj,120N13671,41.764
nj,120N13672,45
nj,120N13688,55
nj,120N13689,55
nj,120N13690,55
nj,120N13691,55
nj,120N13692,55
nj,120N13693,55
nj,120N13694,55
nj,120N13695,55
nj,120N13696,55
nj,120N13697,55
nj,120N13698,46.292
nj,120N13704,55
nj,120N13705,52.175
nj,120N13706,55
nj,120N13707,55
nj,120N13708,55
nj,120N13709,35
nj,120N13710,35
nj,120N13711,45
nj,120N13767,55
nj,120N13771,50
nj,120N13772,45
nj,120N13773,41.286
nj,120N13774,42.779
nj,120N13828,30
nj,120N13829,35.502
nj,120N13853,30
nj,120N13854,35.959
nj,120N13855,36.988
nj,120N13856,40
nj,120N13857,37.429
nj,120N13858,44.997
nj,120N13859,55
nj,120N13860,25
nj,120N13861,25
nj,120N13862,53.968
nj,120N13863,44.466
nj,120N13864,36.102
nj,120N13865,43.18
nj,120N13866,40.848
nj,120N13867,35
nj,120N13868,45.862
nj,120N13869,43.399
nj,120N13870,40
nj,120N13874,40
nj,120N13875,41.999
nj,120N13876,39.746
nj,120N13883,45
nj,120N13884,43.402
nj,120N13885,25
nj,120N13886,29.823
nj,120N13887,45
nj,120N13888,36.804
nj,120N13920,45
nj,120N13921,45
nj,120N13922,40
nj,120N13923,50
nj,120N13924,45.091
nj,120N13925,40
nj,120N13926,40
nj,120N13927,46.86
nj,120N13928,55
nj,120N13929,55
nj,120N13930,55
nj,120N13958,45
nj,120N13959,49.641
nj,120N13960,44.23
nj,120N13961,47.97
nj,120N13962,37.829
nj,120N13963,27.011
nj,120N13964,43.33
nj,120N13965,49.311
nj,120N13966,47.427
nj,120N13967,50
nj,120N13968,36.178
nj,120N13969,55
nj,120N13970,54.402
nj,120N13971,54.59
nj,120N13972,54.488
nj,120N14002,35
nj,120N14003,35
nj,120N14004,35
nj,120N14005,35
nj,120N14006,38.855
nj,120N14009,40
nj,120N14010,35
nj,120N14011,35.915
nj,120N14012,39.393
nj,120N14013,43.711
nj,120N14014,51.213
nj,120N14015,32.736
nj,120N14016,33.025
nj,120N14017,34.552
nj,120N14018,40
nj,120N14019,40
nj,120N14040,55
nj,120N14041,55
nj,120N14042,55
nj,120N14067,35
nj,120N14068,35
nj,120N14069,30.151
nj,120N14070,35
nj,120N14071,35
nj,120N14072,35
nj,120N14073,35
nj,120N14074,47.701
nj,120N14075,49.534
nj,120N14076,38.451
nj,120N14084,25
nj,120N14085,32.341
nj,120N14086,25
nj,120N14098,15
nj,120N14099,22.368
nj,120N14100,25
nj,120N14101,45
nj,120N14102,45
nj,120N14103,45
nj,120N14104,38.356
nj,120N14106,40
nj,120N14107,40
nj,120N14193,35
nj,120N14205,40
nj,120N14206,33.78
nj,120N14207,35
nj,120N14208,35
nj,120N14209,36.645
nj,120N14214,35
nj,120N14215,35
nj,120N14216,35
nj,120N14217,25.727
nj,120N14218,25
nj,120N14219,25
nj,120N14220,25
nj,120N14221,30
nj,120N14222,30
nj,120N14223,35
nj,120N14224,35
nj,120N14225,35
nj,120N14226,28.086
nj,120N14227,25
nj,120N14228,31.841
nj,120N14229,38.596
nj,120N14230,40
nj,120N14231,33.883
nj,120N14232,40
nj,120N14233,32.545
nj,120N14234,38.206
nj,120N14236,35
nj,120N14237,35
nj,120N14238,25.858
nj,120N14239,25
nj,120N14240,25
nj,120N14241,25
nj,120N14242,35
nj,120N14243,35
nj,120N14244,35
nj,120N14245,37.153
nj,120N14250,25
nj,120N14251,25
nj,120N14252,27.215
nj,120N14253,38.029
nj,120N14254,40
nj,120N14255,39.265
nj,120N14256,38.987
nj,120N14257,40
nj,120N14258,38.55
nj,120N14259,35
nj,120N14273,25
nj,120N14274,25
nj,120N14275,25
nj,120N14276,25
nj,120N14277,36.454
nj,120N14304,40
nj,120N14305,36.181
nj,120N14306,34.634
nj,120N14316,42.527
nj,120N14317,25.251
nj,120N14318,25
nj,120N14319,42.044
nj,120N14320,44.682
nj,120N14323,39.875
nj,120N14324,40
nj,120N14325,42.63
nj,120N14351,35
nj,120N14352,35
nj,120N14394,40
nj,120N14400,25
nj,120N14401,25
nj,120N14402,25
nj,120N14403,25
nj,120N14404,28.746
nj,120N14405,35
nj,120N14406,34.112
nj,120N14407,31.296
nj,120N14408,34.142
nj,120N14409,28.027
nj,120N14410,25
nj,120N14411,26.493
nj,120N14412,35.461
nj,120N14413,43.983
nj,120N14414,35.893
nj,120N14415,40
nj,120N14428,25
nj,120N14429,25
nj,120N14430,25
nj,120N14434,40
nj,120N14435,40
nj,120N14458,25
nj,120N14459,25
nj,120N14460,25
nj,120N14461,25
nj,120N14466,31.614
nj,120N14467,25
nj,120N14468,37.015
nj,120N14471,40
nj,120N14472,35
nj,120N14473,40
nj,120N14474,39.545
nj,120N14477,20
nj,120N14478,37.343
nj,120N14479,30.149
nj,120N14483,29.541
nj,120N14484,35.029
nj,120N14486,40
nj,120N14488,38.246
nj,120N14489,35
nj,120N14492,40
nj,120N14493,46.128
nj,120N14509,25
nj,120N14510,25
nj,120N14513,25
nj,120N14514,36.614
nj,120N14515,40
nj,120N14516,33.816
nj,120N14517,25
nj,120N14529,55
nj,120N14537,25
nj,120N14538,25
nj,120N14539,25
nj,120N14540,25
nj,120N14541,25
nj,120N14542,25
nj,120N14543,25
nj,120N14544,25
nj,120N14545,25
nj,120N14546,25
nj,120N14547,25
nj,120N14548,25
nj,120N14549,25
nj,120N14550,25
nj,120N14551,25
nj,120N14552,25.908
nj,120N14553,35
nj,120N14554,36.122
nj,120N14560,43.377
nj,120N14561,39.9
nj,120N14562,40
nj,120N14563,40
nj,120N14564,38.595
nj,120N14565,30.694
nj,120N14566,35
nj,120N14567,30.15
nj,120N14568,26.399
nj,120N14569,25
nj,120N14570,25
nj,120N14571,40
nj,120N14572,35.346
nj,120N14573,35
nj,120N14574,35
nj,120N14575,35
nj,120N14576,33.816
nj,120N14577,37.255
nj,120N14578,40
nj,120N14579,44.624
nj,120N14580,35.522
nj,120N14581,35
nj,120N14582,35
nj,120N14583,35
nj,120N14584,48.467
nj,120N14585,40
nj,120N14586,32.652
nj,120N14587,34.292
nj,120N14588,41.061
nj,120N14589,35
nj,120N14590,37.94
nj,120N14591,34.481
nj,120N14592,30
nj,120N14593,33.193
nj,120N14594,25
nj,120N14595,38.177
nj,120N14596,33.384
nj,120N14597,35
nj,120N14598,35.083
nj,120N14599,40
nj,120N14600,40
nj,120N14601,33.91
nj,120N14602,34.967
nj,120N14613,25
nj,120N14614,30.204
nj,120N14615,34.337
nj,120N14616,38.379
nj,120N14617,40
nj,120N14618,36.316
nj,120N14619,25
nj,120N14620,31.729
nj,120N14621,25
nj,120N14622,25
nj,120N14623,25
nj,120N14624,33.003
nj,120N14625,30
nj,120N14627,30
nj,120N14628,30
nj,120N14629,30
nj,120N14630,31.858
nj,120N14631,35
nj,120N14632,35.056
nj,120N14633,40
nj,120N14634,37.287
nj,120N14635,38.144
nj,120N14636,35
nj,120N14637,27.527
nj,120N14638,28.901
nj,120N14647,25
nj,120N14648,25.058
nj,120N14652,25
nj,120N14653,25
nj,120N14654,25
nj,120N14655,25
nj,120N14656,25
nj,120N14657,25
nj,120N14658,33.487
nj,120N14659,36.358
nj,120N14660,35
nj,120N14661,35.646
nj,120N14662,35
nj,120N14663,30
nj,120N14664,30
nj,120N14665,30
nj,120N14666,30
nj,120N14667,35
nj,120N14668,34.829
nj,120N14669,36.882
nj,120N14670,40
nj,120N14671,45
nj,120N14672,48.957
nj,120N14673,50
nj,120N14674,47.391
nj,120N14675,47.181
nj,120N14676,43.867
nj,120N14677,40
nj,120N14678,40
nj,120N14679,40
nj,120N14680,31.038
nj,120N14681,25
nj,120N14682,40
nj,120N14683,40
nj,120N14684,45
nj,120N14693,33.324
nj,120N14701,34.775
nj,120N14702,33.865
nj,120N14703,34.757
nj,120N14704,35.813
nj,120N14705,40
nj,120N14712,49.757
nj,120N14713,39.967
nj,120N14715,30.151
nj,120N14716,25.376
nj,120N14717,50
nj,120N14723,48.153
nj,120N14729,40.274
nj,120N14730,44.267
nj,120N14731,33.164
nj,120N14732,28.349
nj,120N14733,35.637
nj,120N14734,38.281
nj,120N14735,32.752
nj,120N14736,43.423
nj,120N14737,39.86
nj,120N14738,25
nj,120N14739,29.148
nj,120N14740,35
nj,120N14741,40.725
nj,120N14742,42.689
nj,120N14743,46.909
nj,120N14744,37.971
nj,120N14745,39.975
nj,120N14746,35
nj,120N14747,29.144
nj,120N14748,38.559
nj,120N14749,40.512
nj,120N14750,25
nj,120N14751,25
nj,120N14752,25
nj,120N14753,25
nj,120N14761,50
nj,120N14762,40.278
nj,120N14763,30
nj,120N14766,41.363
nj,120N14767,40.543
nj,120N14768,36.552
nj,120N14779,43.083
nj,120N14780,45
nj,120N14781,40
nj,120N14782,38.361
nj,120N14783,42.068
nj,120N14794,44.59
nj,120N14795,25
nj,120N14796,25
nj,120N14797,45
nj,120N14802,48.956
nj,120N14803,34.41
nj,120N14804,55
nj,120N14815,42.781
nj,120N14816,45.495
nj,120N14817,38.188
nj,120N14818,50
nj,120N14819,45.509
nj,120N14820,35
nj,120N14821,35
nj,120N14822,28.159
nj,120N14823,35
nj,120N14824,31.082
nj,120N14825,35
nj,120N14827,28.939
nj,120N14828,27.594
nj,120N14829,33.033
nj,120N14830,40.244
nj,120N14831,38.919
nj,120N14832,33.501
nj,120N14833,29.257
nj,120N14836,35
nj,120N14837,35
nj,120N14838,35
nj,120N14839,35
nj,120N14840,42.426
nj,120N14841,40
nj,120N14842,40
nj,120N14843,39.914
nj,120N14844,32.587
nj,120N14845,32.09
nj,120N14854,30
nj,120N14855,39.587
nj,120N14877,35
nj,120N14878,35
nj,120N14880,35
nj,120N14881,35
nj,120N14882,37.229
nj,120N14897,50
nj,120N14898,50
nj,120N14899,50
nj,120N14900,50
nj,120N14901,50
nj,120N14902,50
nj,120N14903,50
nj,120N14904,50
nj,120N14905,46.474
nj,120N14906,40
nj,120N14907,40
nj,120N14908,25
nj,120N14909,25
nj,120N14910,40.523
nj,120N14911,50
nj,120N14912,46.929
nj,120N14915,35.897
nj,120N14916,40
nj,120N14917,37.651
nj,120N14924,47.934
nj,120N14925,45
nj,120N14932,25
nj,120N14933,45
nj,120N14934,49.644
nj,120N14936,45
nj,120N14937,45
nj,120N14938,40
nj,120N14939,40
nj,120N14940,36.11
nj,120N14945,43.983
nj,120N14946,50
nj,120N14947,50
nj,120N14950,50
nj,120N14951,40
nj,120N14952,40
nj,120N14953,35
nj,120N14954,40
nj,120N14955,35
nj,120N14956,40.5
nj,120N14957,48.809
nj,120N14958,35
nj,120N14959,35
nj,120N14960,40
nj,120N14961,35
nj,120N14962,35
nj,120N14963,31.757
nj,120N14964,35.232
nj,120N14965,29.586
nj,120N14966,25
nj,120N14967,40
nj,120N14968,40
nj,120N14969,39.25
nj,120N14970,35
nj,120N14971,38.655
nj,120N14990,40
nj,120N14991,40
nj,120N14994,26.771
nj,120N14995,25
nj,120N15007,50
nj,120N15008,37.702
nj,120N15009,25.279
nj,120N15010,25
nj,120N15011,25
nj,120N15012,40
nj,120N15013,40
nj,120N15021,50
nj,120N15022,50
nj,120N15023,43.537
nj,120N15027,53.602
nj,120N15028,38.598
nj,120N15029,40
nj,120N15030,40.986
nj,120N15031,35
nj,120N15032,36.642
nj,120N15033,35
nj,120N15034,37.59
nj,120N15035,45.852
nj,120N15036,50
nj,120N15037,44.775
nj,120N15038,38.186
nj,120N15045,25
nj,120N15046,25
nj,120N15047,25
nj,120N15048,25
nj,120N15051,25
nj,120N15052,25
nj,120N15053,25
nj,120N15054,25
nj,120N15055,25
nj,120N15056,25
nj,120N15057,25
nj,120N15058,25
nj,120N15059,25
nj,120N15060,25
nj,120N15061,25
nj,120N15062,25
nj,120N15063,35
nj,120N15064,25
nj,120N15065,25
nj,120N15066,25
nj,120N15067,25
nj,120N15068,25
nj,120N15071,25
nj,120N15072,25
nj,120N15073,25
nj,120N15074,25
nj,120N15086,25
nj,120N15087,25
nj,120N15088,25
nj,120N15089,25
nj,120N15090,25
nj,120N15091,25
nj,120N15092,25
nj,120N15093,25
nj,120N15094,25
nj,120N15103,25
nj,120N15104,25
nj,120N15105,25
nj,120N15106,25
nj,120N15107,25
nj,120N15108,30.674
nj,120N15109,25
nj,120N15110,31.178
nj,120N15111,25
nj,120N15112,25
nj,120N15113,25
nj,120N15137,45
nj,120N15139,45
nj,120N15140,44.824
nj,120N15141,45.089
nj,120N15142,40
nj,120N15143,40
nj,120N15144,40
nj,120N15145,50
nj,120N15178,42.694
nj,120N15179,38.171
nj,120N15180,34.959
nj,120N15181,33.966
nj,120N15182,30.611
nj,120N15202,25
nj,120N15364,25
nj,120N15365,36.714
nj,120N15589,25
nj,120N15590,35
nj,120N15667,40
nj,120N15668,40
nj,120N15707,35
nj,120N15708,35
nj,120N15709,30
nj,120N15710,30
nj,120N15728,35
nj,120N15729,35
nj,120N15730,27.483
nj,120N15731,25
nj,120N15816,25
nj,120N15817,25
nj,120N15819,25
nj,120N15887,45
nj,120N15888,45
nj,120N15889,45
nj,120N15890,45
nj,120N15893,25
nj,120N15894,25
nj,120N16041,25
nj,120N16042,25
nj,120N16043,25
nj,120N16044,29.432
nj,120N16047,25
nj,120N16048,25
nj,120N16049,25
nj,120N16050,25
nj,120N16051,35
nj,120N16052,35
nj,120N16053,35
nj,120N16054,35
nj,120N16055,35
nj,120N16056,35
nj,120N16057,35
nj,120N16058,35
nj,120N16059,35
nj,120N16060,35
nj,120N16061,35
nj,120N16062,35
nj,120N16063,35
nj,120N16064,35
nj,120N16127,50
nj,120N16128,50
nj,120N16129,46.654
nj,120N16162,35
nj,120N16163,35
nj,120N16318,25
nj,120N16319,25
nj,120N16366,50
nj,120N16367,44.003
nj,120N16457,30
nj,120N16458,30
nj,120N16532,35
nj,120N16533,29.774
nj,120N16671,41.584
nj,120N16672,34.456
nj,120N16673,25
nj,120N16674,25
nj,120N16701,25
nj,120N16702,25
nj,120N16703,25
nj,120N16712,50
nj,120N16759,45
nj,120N16760,42.96
nj,120N16761,25
nj,120N16770,55
nj,120N16771,34.894
nj,120N16772,25
nj,120N16790,40
nj,120N16809,25
nj,120N16810,31.164
nj,120N16880,25
nj,120N16881,25
nj,120N16893,25
nj,120N16894,25
nj,120N17010,25
nj,120N17011,25
nj,120N17012,25
nj,120N17042,25
nj,120N17043,25
nj,120N17044,25
nj,120N17089,45
nj,120N17090,45
nj,120N17098,45
nj,120N17099,35.518
nj,120N17106,50
nj,120N17132,45
nj,120N17155,25
nj,120N17156,35
nj,120N17158,40
nj,120N17163,35
nj,120N17164,40
nj,120N17165,34.283
nj,120N17192,45
nj,120N17194,25
nj,120N17207,25
nj,120N17243,25
nj,120N19541,40
nj,120N19542,26.301
nj,120N19543,25
nj,120N19544,25
nj,120N19545,25
nj,120N19546,40
nj,120N19550,31.671
nj,120N19576,45
nj,120N19577,45.202
nj,120N19578,47.129
nj,120N19579,50
nj,120N19580,50
nj,120N19581,50
nj,120N19582,48.482
nj,120N19583,39.855
nj,120N19584,46.372
nj,120N19585,45
nj,120N19586,48.774
nj,120N19587,45
nj,120N19589,25
nj,120N19590,25
nj,120N19591,33.02
nj,120N19592,45.012
nj,120N19593,41.771
nj,120N19594,35
nj,120N19595,35
nj,120N19596,40
nj,120N19616,32.308
nj,120N19628,25
nj,120N19670,30
nj,120N19671,33.324
nj,120N19672,35
nj,120N19696,45
nj,120N19697,36.986
nj,120N19699,28.179
nj,120N19700,25
nj,120N19701,25
nj,120N19702,25
nj,120N19703,36.279
nj,120N19704,40
nj,120N19705,32.119
nj,120N19762,40
nj,120N19763,40
nj,120N19764,40
nj,120N19765,38.622
nj,120N19774,40
nj,120N19775,37.475
nj,120N19776,34.591
nj,120N19777,30
nj,120N19807,30
nj,120N19808,30
nj,120N19809,30
nj,120N19824,40
nj,120N19825,40
nj,120N19826,40
nj,120N19834,40
nj,120N19835,40
nj,120N19836,40
nj,120N19837,40
nj,120N19840,40
nj,120N19841,34.604
nj,120N19845,25
nj,120N19846,25
nj,120N19872,40
nj,120N19873,40
nj,120N19895,45
nj,120N19896,40
nj,120N19897,43.523
nj,120N19898,40
nj,120N19899,40
nj,120N19944,35
nj,120N19945,35.828
nj,120N19946,50
nj,120N19964,25
nj,120N19965,25
nj,120N20008,25
nj,120N20009,25
nj,120N20010,25
nj,120N20011,28.391
nj,120N20036,35
nj,120N20037,32.007
nj,120N20038,35.53
nj,120N20039,40
nj,120N20040,40
nj,120N20053,40
nj,120N20054,38.198
nj,120N20084,25
nj,120N20085,33.598
nj,120N20086,34.228
nj,120N20087,40
nj,120N20091,
nj,120N20092,35
nj,120N20093,35
nj,120N20109,29.972
nj,120N20110,25
nj,120N20111,35
nj,120N20112,28.413
nj,120N20113,34.038
nj,120N20114,32.601
nj,120N20115,42.391
nj,120N20116,45
nj,120N20117,45
nj,120N20121,
nj,120N20122,25
nj,120N20123,25
nj,120N20124,31.053
nj,120N20125,35
nj,120N20126,35
nj,120N20127,37.729
nj,120N20141,25
nj,120N20142,25
nj,120N20143,25
nj,120N20144,25
nj,120N20145,25
nj,120N20147,38.171
nj,120N20148,38.889
nj,120N20149,35
nj,120N20150,33.667
nj,120N20151,35
nj,120N20152,38.277
nj,120N20153,38.93
nj,120N20154,31.536
nj,120N20168,40
nj,120N20169,46.914
nj,120N20254,35
nj,120N20255,37.602
nj,120N20256,43.995
nj,120N20257,35.103
nj,120N20271,25
nj,120N20272,25
nj,120N20273,27.168
nj,120N20274,43.947
nj,120N20332,39.148
nj,120N20333,32.546
nj,120N20334,30
nj,120N20346,25
nj,120N20347,25
nj,120N20348,31.121
nj,120N20384,36.936
nj,120N20385,35
nj,120N20386,49.488
nj,120N20387,45
nj,120N20388,40
nj,120N20389,35.528
nj,120N20402,45
nj,120N20403,45
nj,120N20404,39.508
nj,120N20414,40
nj,120N20415,40
nj,120N20416,40
nj,120N20417,39.324
nj,120N20418,44.261
nj,120N20419,45
nj,120N20420,40.845
nj,120N20421,25
nj,120N20422,25
nj,120N20432,25
nj,120N20433,25.66
nj,120N20434,25
nj,120N20542,25.289
nj,120N20543,30
nj,120N20546,30
nj,120N20547,32.178
nj,120N20548,25
nj,120N20549,25
nj,120N20560,25
nj,120N20561,25
nj,120N20562,25
nj,120N20563,25
nj,120N20564,25
nj,120N20565,29.943
nj,120N20566,35
nj,120N20567,35
nj,120N20568,35
nj,120N20569,35
nj,120N20570,40
nj,120N20571,40
nj,120N20639,25
nj,120N20640,25
nj,120N20668,40
nj,120N20669,28.646
nj,120N20670,40
nj,120N20671,35.826
nj,120N20672,30.391
nj,120N20673,30.811
nj,120N20689,25
nj,120N20690,25
nj,120N20691,25
nj,120N20692,25
nj,120N20693,25
nj,120N20694,25
nj,120N20695,25
nj,120N20709,35
nj,120N20738,42.557
nj,120N20739,49.911
nj,120N20751,35
nj,120N20752,32.909
nj,120N20770,40
nj,120N20772,40
nj,120N20773,40
nj,120N20780,35
nj,120N20781,35
nj,120N20782,45
nj,120N20785,37.95
nj,120N20786,35
nj,120N20787,42.655
nj,120N20791,50
nj,120N20792,
nj,120N20800,25
nj,120N20801,25
nj,120N20802,25
nj,120N20838,25
nj,120N20839,25
nj,120N20850,25
nj,120N20852,25
nj,120N20853,25
nj,120N20868,35
nj,120N20869,35
nj,120N20875,
nj,120N20876,37.134
nj,120N20877,27.642
nj,120N20878,25
nj,120N20879,25
nj,120N20880,25
nj,120N20881,40
nj,120N20882,40
nj,120N20883,40
nj,120N20896,48.797
nj,120N20897,50
nj,120N20898,45.221
nj,120N20899,45
nj,120N20900,45
nj,120N20907,25
nj,120N20908,25
nj,120N20909,25
nj,120N20910,50
nj,120N20929,
nj,120N20930,25
nj,120N20992,25
nj,120N20993,25
nj,120N20994,25
nj,120N20995,25
nj,120N20996,25
nj,120N21018,40
nj,120N21019,40
nj,120N21029,28.385
nj,120N21030,35
nj,120N21042,25
nj,120N21043,25
nj,120N21066,40
nj,120N21067,40
nj,120N21095,25
nj,120N21096,25
nj,120N21176,35
nj,120N21177,37.137
nj,120N21178,31.731
nj,120N21254,
nj,120N21262,25
nj,120N21263,35
nj,120N21268,
nj,120N21269,35
nj,120N21275,35
nj,120N21276,35
nj,120N21277,35
nj,120N21278,35
nj,120N21279,35
nj,120N21280,35
nj,120N21281,35
nj,120N21282,35
nj,120N21283,35
nj,120N21340,30
nj,120N21341,32.617
nj,120N21370,30
nj,120N21371,36.054
nj,120N21372,40
nj,120N21373,40
nj,120N21508,25
nj,120N21509,33.62
nj,120N21571,50
nj,120N21572,46.147
nj,120N21573,30
nj,120N21574,30
nj,120N21584,38.811
nj,120N21592,40
nj,120N21593,40
nj,120N21594,37.343
nj,120N21605,25
nj,120N21610,25
nj,120N21611,25
nj,120N21612,25
nj,120N21648,30
nj,120N21649,33.287
nj,120N21678,25
nj,120N21679,25
nj,120N21709,40
nj,120N21710,40
nj,120N21718,35
nj,120N21719,40
nj,120N21720,40
nj,120N21723,
nj,120N21724,
nj,120N21725,
nj,120N21759,35
nj,120N21760,32.229
nj,120N21761,25
nj,120N21775,25
nj,120N21779,25
nj,120N21780,25.69
nj,120N21781,35
nj,120N21782,35
nj,120N21783,36.991
nj,120N21784,40
nj,120N21785,40
nj,120N21786,39.863
nj,120N21797,25
nj,120N21798,40
nj,120N21805,25
nj,120N21806,25
nj,120N21807,25
nj,120N21867,35
nj,120N21868,35
nj,120N21869,32.908
nj,120N21870,33.794
nj,120N21882,45
nj,120N21883,45
nj,120N21884,45
nj,120N21885,38.396
nj,120N21886,27.468
nj,120N21887,28.155
nj,120N21890,35
nj,120N21891,39.357
nj,120N21892,40
nj,120N21901,35
nj,120N21952,25
nj,120N21953,25
nj,120N21981,40
nj,120N21982,41.661
nj,120N21995,55
nj,120N21997,27.463
nj,120N21998,25
nj,120N22008,25
nj,120N22009,25
nj,120N22010,30
nj,120N22011,30
nj,120N22062,25
nj,120N22063,25
nj,120N22081,55
nj,120N22082,27.42
nj,120N22083,
nj,120N22103,40
nj,120N22104,40
nj,120N22105,40
nj,120N22106,33.865
nj,120N22129,25
nj,120N22130,25
nj,120N22147,25
nj,120N22148,25
nj,120N22149,25
nj,120N22150,25
nj,120N22151,25
nj,120N22152,25
nj,120N22153,25
nj,120N22165,35
nj,120N22166,35
nj,120N22178,35
nj,120N22179,39.589
nj,120N22180,39.214
nj,120N22335,25
nj,120N22336,25.11
nj,120N22370,30
nj,120N22371,30
nj,120N22372,30
nj,120N22373,26.151
nj,120N22379,35
nj,120N22380,35
nj,120N22381,
nj,120N22421,25
nj,120N22422,25
nj,120N22423,25
nj,120N22424,
nj,120N22425,
nj,120N22426,25
nj,120N22431,27.688
nj,120N22432,25
nj,120N22439,35
nj,120N22447,
nj,120N22448,35
nj,120N22449,35
nj,120N22462,35.101
nj,120N22463,40
nj,120N22464,39.398
nj,120N22519,35
nj,120N22520,35
nj,120N22521,35
nj,120N22540,
nj,120N22541,25
nj,120N22584,25
nj,120N22585,27.987
nj,120N22586,
nj,120N22587,25
nj,120N22588,25
nj,120N22589,25
nj,120N22597,35
nj,120N22598,35
nj,120N22639,25
nj,120N22640,25
nj,120N22641,25
nj,120N22676,40
nj,120N22677,40
nj,120N22678,40
nj,120N22695,30
nj,120N22696,30
nj,120N22697,34.185
nj,120N22698,35
nj,120N22703,25
nj,120N22704,25
nj,120N22705,25.497
nj,120N22706,25
nj,120N22707,25
nj,120N22708,25
nj,120N22709,25
nj,120N22710,25
nj,120N22753,25
nj,120N22754,25
nj,120N22755,26.747
nj,120N22772,35
nj,120N22773,35
nj,120N22774,35
nj,120N22775,35
nj,120N22776,35
nj,120N22777,35
nj,120N22778,35
nj,120N22779,35
nj,120N22780,44.198
nj,120N22781,45
nj,120N22804,25
nj,120N22805,25
nj,120N22810,25
nj,120N22811,26.774
nj,120N22812,35
nj,120N22813,35
nj,120N22814,35
nj,120N22845,40
nj,120N22846,32.6
nj,120N22863,35
nj,120N22864,35
nj,120N22874,40
nj,120N22913,25
nj,120N22914,25
nj,120N22915,25
nj,120N22945,30.588
nj,120N22947,35
nj,120N22948,35
nj,120N22953,36.022
nj,120N22954,40
nj,120N22955,35.291
nj,120N22983,35
nj,120N22984,35
nj,120N23007,35
nj,120N23008,35
nj,120N23009,35.566
nj,120N23021,25
nj,120N23022,25
nj,120N23023,25
nj,120N23024,25
nj,120N23120,45
nj,120N23121,47.795
nj,120N23122,47.254
nj,120N23177,40
nj,120N23178,45
nj,120N23199,40
nj,120N23200,40
nj,120N23206,43.919
nj,120N23207,49.408
nj,120N23208,25
nj,120N23209,25
nj,120N23210,25
nj,120N23294,40
nj,120N23295,40
nj,120N23296,37.407
nj,120N23305,25
nj,120N23306,25.903
nj,120N23344,40
nj,120N23345,37.45
nj,120N23346,48.678
nj,120N23349,25
nj,120N23350,25
nj,120N23351,27.533
nj,120N23362,
nj,120N23363,25
nj,120N23384,35
nj,120N23385,32.944
nj,120N23386,25
nj,120N23387,25.388
nj,120N23388,25
nj,120N23392,25
nj,120N23393,25
nj,120N23410,25
nj,120N23412,40
nj,120N23413,40
nj,120N23414,40
nj,120N23415,40
nj,120N23416,40
nj,120N23442,40
nj,120N23443,29.253
nj,120N23450,25
nj,120N23451,25
nj,120N23454,25
nj,120N23455,25
nj,120N23461,30
nj,120N23462,30
nj,120N23476,25
nj,120N23477,25
nj,120N23610,30
nj,120N23612,25
nj,120N27603,50
nj,120N27604,45.757
nj,120N27605,30
nj,120N27606,40
nj,120N27637,30
nj,120N27638,30
nj,120N27972,50
nj,120N27973,25
nj,120N27976,30
nj,120N27979,55
nj,120N27980,55
nj,120N27985,30
nj,120N27989,50
nj,120N27990,50
nj,120N27993,40
nj,120N27994,46.86
nj,120N27995,65
nj,120N27996,65
nj,120N27997,35
nj,120N27998,50
nj,120N27999,65
nj,120N28000,55
nj,120N28001,25
nj,120N28002,25
nj,120N28003,55
nj,120N28008,25
nj,120N28032,30
nj,120N29285,40
nj,120N29286,40
nj,120N29287,40
nj,120N29288,40
nj,120N29289,40
nj,120N29290,40
nj,120N29291,40
nj,120N29292,40
nj,120N29293,40
nj,120N29294,40
nj,120N29295,40
nj,120N29296,40
nj,120N29297,41.675
nj,120N29298,45
nj,120N29299,45
nj,120N29300,40.841
nj,120N29301,37.248
nj,120N29302,35
nj,120N29393,35
nj,120N29394,41.989
nj,120N29491,45
nj,120N29500,65
nj,120N29501,65
nj,120N29502,40
nj,120N29503,40
nj,120N29504,40
nj,120N29505,40
nj,120N29506,
nj,120N29507,
nj,120N29508,
nj,120N29509,
nj,120N29510,
nj,120N29531,33.132
nj,120N29722,50
nj,120N29723,50
nj,120N29724,40
nj,120N29725,40
nj,120N29726,40
nj,120N29727,46.199
nj,120N29728,50
nj,120N29729,49.897
nj,120N29730,48.518
nj,120N29755,40
nj,120N29756,40
nj,120N29761,30
nj,120N29762,45
nj,120N29763,49.479
nj,120N29815,35
nj,120N29816,35
nj,120N29817,31.767
nj,120N29822,
nj,120N29823,
nj,120N29824,45
nj,120N30210,35.268
nj,120N30211,40
nj,120N30212,34.169
nj,120N30213,31.877
nj,120N30214,35.771
nj,120N30215,35
nj,120N30217,35
nj,120N30218,25
nj,120N30219,25
nj,120N30221,40
nj,120N30222,40
nj,120N30223,40
nj,120N30225,40
nj,120N30226,40
nj,120N30228,30
nj,120N30229,33.398
nj,120N30230,33.827
nj,120N30231,26.188
nj,120N30232,30
nj,120N30233,34.641
nj,120N30234,39.257
nj,120N30235,40
nj,120N30236,40
nj,120N30238,45
nj,120N30239,45
nj,120N30240,45
nj,120N30241,45
nj,120N30242,35
nj,120N30243,30.179
nj,120N30244,30
nj,120N30245,35.734
nj,120N30246,40
nj,120N30247,35.295
nj,120N30248,35
nj,120N30250,45
nj,120N30251,41.264
nj,120N30252,29.773
nj,120N30253,25
nj,120N30254,35
nj,120N30255,35
nj,120N30257,25
nj,120N30258,25
nj,120N30259,25
nj,120N30260,34.104
nj,120N30261,31.268
nj,120N30262,25
nj,120N30263,34.815
nj,120N30265,25
nj,120N30266,25
nj,120N30267,35
nj,120N30268,45
nj,120N30269,45
nj,120N30270,45
nj,120N30272,25
nj,120N30273,25
nj,120N30274,25
nj,120N30275,25
nj,120N30276,25
nj,120N30278,35
nj,120N30279,35
nj,120N30280,35
nj,120N30281,25
nj,120N30282,40
nj,120N30283,40
nj,120N30284,40
nj,120N30285,40
nj,120N30286,40
nj,120N30287,40
nj,120N30290,50
nj,120N30291,47.644
nj,120N30292,40
nj,120N30293,35.519
nj,120N30294,38.909
nj,120N30296,35
nj,120N30297,35
nj,120N30302,29.788
nj,120N30303,28.847
nj,120N30304,30.331
nj,120N30305,38.601
nj,120N30306,40
nj,120N30307,33.793
nj,120N30308,32.335
nj,120N30309,35
nj,120N30314,35
nj,120N30315,35
nj,120N30316,35
nj,120N30317,35
nj,120N30319,35
nj,120N30320,27.07
nj,120N30321,25
nj,120N30322,25
nj,120N30324,40
nj,120N30325,35
nj,120N30326,35
nj,120N30327,25
nj,120N30330,40
nj,120N30331,35.69
nj,120N30332,25
nj,120N30333,35
nj,120N30334,33.152
nj,120N30336,35
nj,120N30337,35
nj,120N30339,35
nj,120N30340,38.447
nj,120N30341,40
nj,120N30342,40
nj,120N30343,40
nj,120N30344,40
nj,120N30346,25
nj,120N30347,25
nj,120N30349,25
nj,120N30350,25
nj,120N30352,30
nj,120N30353,30
nj,120N30357,31.09
nj,120N30358,35
nj,120N30359,35
nj,120N30360,35
nj,120N30361,35
nj,120N30363,25
nj,120N30364,25
nj,120N30366,25
nj,120N30367,25
nj,120N30368,25
nj,120N30370,25
nj,120N30371,25
nj,120N30372,25
nj,120N30374,30
nj,120N30375,25.226
nj,120N30377,25
nj,120N30378,25
nj,120N30380,
nj,120N30381,25
nj,120N30383,25
nj,120N30384,25
nj,120N30385,25
nj,120N30386,25
nj,120N30391,40
nj,120N30392,47.008
nj,120N30393,50
nj,120N30511,40
nj,120N30512,25
nj,120N30513,25
nj,120N30514,45
nj,120N30522,43.836
nj,120N30523,35.824
nj,120N30538,45
nj,120N30539,40.561
nj,120N30556,25
nj,120N30557,25
nj,120N30558,25
nj,120N30559,35.408
nj,120N30562,50
nj,120N30576,35
nj,120N30577,35
nj,120N30578,35
nj,120N30605,45
nj,120N30606,35
nj,120N30607,25
nj,120N30638,35
nj,120N30639,26.85
nj,120N30641,25
nj,120N30642,25
nj,120N30644,25
nj,120N30718,25
nj,120N30719,30
nj,120N30723,
nj,120N30727,
nj,120N30729,25
nj,120N30732,25
nj,120N50001,35
nj,120N50002,43.729
nj,120N50003,49.639
nj,120N50004,44.97
nj,120N50005,35
nj,120N50006,42.01
nj,120N50007,50
nj,120N50008,50
nj,120N50009,39.077
nj,120N50010,36.041
nj,120N50011,40
nj,120N50012,40
nj,120N50013,40
nj,120N50014,40
nj,120N50015,40
nj,120N50017,35
nj,120N50018,36.233
nj,120N50019,45
nj,120N50020,45
nj,120N50021,45
nj,120N50023,40
nj,120N50024,47.199
nj,120N50026,25
nj,120N50027,25
nj,120N50029,
nj,120N50030,
nj,120N50031,25
nj,120N50033,35
nj,120N50034,35
nj,120N50036,25
nj,120N50037,42.732
nj,120N50038,48.262
nj,120N50040,40
nj,120N50041,40
nj,120N50042,40
nj,120N50043,45
nj,120N50044,40
nj,120N50045,45
nj,120N50046,45
nj,120N50047,45
nj,120N50048,50
nj,120N50049,50
nj,120N50050,50
nj,120N50051,44.387
nj,120N50053,40
nj,120N50054,40
nj,120N50055,42.469
nj,120N50056,45
nj,120N50058,35
nj,120N50059,35
nj,120N50061,40
nj,120N50062,40
nj,120N50063,46.21
nj,120N50064,50
nj,120N50065,49.213
nj,120N50066,40
nj,120N50068,40.889
nj,120N50069,42.405
nj,120N50070,35
nj,120N50071,30
nj,120N50072,30
nj,120N50073,30
nj,120N50076,
nj,120N50077,
nj,120N50079,30
nj,120N50080,30
nj,120N50082,30
nj,120N50083,30
nj,120N50084,25.818
nj,120N50085,32.354
nj,120N50086,35
nj,120N50087,35
nj,120N50089,25
nj,120N50090,25
nj,120N50091,
nj,120N50093,35
nj,120N50094,35
nj,120N50096,25
nj,120N50097,25
nj,120N50099,35
nj,120N50100,40.87
nj,120N50101,45
nj,120N50104,
nj,120N50105,
nj,120N50107,55
nj,120N50108,25
nj,120N50109,25
nj,120N50123,25
nj,120N50124,25
nj,120N50125,25
nj,120N50148,25
nj,120N50149,25
nj,120N50152,25
nj,120N50153,25
nj,120N50154,25
nj,120N50160,30
nj,120N50161,40.409
nj,120N50163,30
nj,120N50164,30
nj,120N50166,25
nj,120N50167,26.932
nj,120N50170,25
nj,120N50171,25
nj,120N50173,35
nj,120N50174,30.481
nj,120N50175,35
nj,120N50176,30
nj,120N50177,31.17
nj,120N50178,25
nj,120N50179,25
nj,120N50180,25
nj,120N50182,
nj,120N50183,
nj,120N50184,
nj,120N50186,
nj,120N50187,
nj,120N50188,
nj,120N50190,
nj,120N50191,
nj,120N50192,25
nj,120N50198,
nj,120N50199,
nj,120N50200,
nj,120N50202,
nj,120N50203,
nj,120N50205,50
nj,120N50206,
nj,120N50207,
nj,120N50216,25
nj,120N50242,25
nj,120N50243,32.479
nj,120N50250,25
nj,120N50251,25
nj,120N50252,25
nj,120N50254,40
nj,120N50255,40
nj,120N50256,40
nj,120N50257,40
nj,120N50258,
nj,120N50260,
nj,120N50261,
nj,120N50263,
nj,120N50264,
nj,120N50266,
nj,120N50267,
nj,120N50269,
nj,120N50270,
nj,120N50271,25.924
nj,120N50273,40
nj,120N50274,40
nj,120N50275,40
nj,120N50277,50
nj,120N50278,
nj,120N50279,
nj,120N50281,
nj,120N50282,
nj,120N50284,
nj,120N50285,
nj,120N50287,40
nj,120N50288,40
nj,120N50289,40
nj,120N50290,39.651
nj,120N50291,35
nj,120N50292,31.83
nj,120N50294,45
nj,120N50295,45
nj,120N50297,35
nj,120N50298,35
nj,120N51372,40
nj,120N51373,40
nj,120N51375,40
nj,120N51376,40
nj,120N51384,41.113
nj,120N51385,44.54
nj,120N51387,45
nj,120N51388,49.244
nj,120N51389,40
nj,120N51390,37.438
nj,120N51391,35
nj,120N51402,35
nj,120N51403,35
nj,120N51418,25
nj,120N51420,25
nj,120N51421,25
nj,120N51422,25
nj,120N51423,
nj,120N51424,
nj,120N51426,25
nj,120N51427,25
nj,120N51428,25
nj,120N51429,25
nj,120N51433,
nj,120N51438,25
nj,120N51439,40
nj,120N51440,
nj,120N51441,
nj,120N51442,25
nj,120N51443,25
nj,120N51444,25
nj,120N51446,25
nj,120N51447,25
nj,120N51449,25
nj,120N51450,25
nj,120N51451,25
nj,120N51453,
nj,120N51454,
nj,120N51455,
nj,120N51464,40
nj,120N51465,39.884
nj,120N51466,35
nj,120N51475,35
nj,120N51482,32.989
nj,120N51483,35
nj,120N51484,35
nj,120N51485,35
nj,120N51486,35
nj,120N51487,35
nj,120N51488,35
nj,120N51489,35
nj,120N51491,25
nj,120N51492,25
nj,120N51495,25
nj,120N51496,25
nj,120N51497,
nj,120N51498,
nj,120N51499,
nj,120N51500,
nj,120N51507,
nj,120N51518,
nj,120N51519,
nj,120N51522,
nj,120N51523,
nj,120N51524,35
nj,120N51525,35
nj,120N51527,
nj,120N51528,
nj,120N51529,
nj,120N51533,25
nj,120N51574,40
nj,120N51575,38.746
nj,120N51577,
nj,120N51578,
nj,120N52309,25
nj,120N52310,25
nj,120N52311,25
nj,120N52315,25
nj,120N52340,35
nj,120N52341,35
nj,120N52347,30
nj,120N52348,30
nj,120N52353,30
nj,120N52354,30
nj,120N52355,30
nj,120N52356,30
nj,120N52361,35
nj,120N52363,50
nj,120N52375,25
nj,120N52376,25
nj,120N52427,25
nj,120N52461,47.034
nj,120N52466,35
nj,120N52473,35
nj,120N52474,35
nj,120N52475,35
nj,120N52529,25
nj,120N52530,25
nj,120N52540,35
nj,120N52541,35
nj,120N52544,25
nj,120N52545,25
nj,120N52546,25
nj,120N52548,35
nj,120N52549,35
nj,120N52550,33.232
nj,120N52566,30
nj,120N52572,25
nj,120N52573,25
nj,120N52574,25
nj,120N52575,25
nj,120N52581,25
nj,120N52582,25
nj,120N52584,25
nj,120N52607,25
nj,120N52608,25
nj,120N52609,25
nj,120N52626,35.275
nj,120N52631,25
nj,120N52632,25
nj,120N52633,25
nj,120N52634,25
nj,120N52636,35
nj,120N52637,35
nj,120N52639,25
nj,120N52640,27.029
nj,120N52646,25
nj,120N52681,55
nj,120N52682,48.975
nj,120N52684,25
nj,120N52689,25
nj,120N52690,25
nj,120N52717,25
nj,120N52719,25
nj,120N52720,27.771
nj,120N52722,25
nj,120N52729,55
nj,120N52771,25
nj,120N52772,25
nj,120N52773,25
nj,120N52779,55
nj,120N52780,27.936
nj,120N52785,25
nj,120N52790,25
nj,120N52798,25
nj,120N52799,25
nj,120N52800,25
nj,120N52801,25
nj,120N52802,25
nj,120N52803,25
nj,120N52804,25
nj,120N52805,25
nj,120N52806,25
nj,120N52807,25
nj,120N52809,25
nj,120N52835,25
nj,120N52836,25
nj,120N52840,30
nj,120N52841,30
nj,120N52843,30
nj,120N52844,30
nj,120N52857,39.775
nj,120N52858,40
nj,120N52859,40
nj,120N52860,40
nj,120N52868,40
nj,120N52869,40
nj,120N52871,40
nj,120N52872,44.269
nj,120N52873,45
nj,120N52874,45
nj,120N52876,40
nj,120N52877,40
nj,120N52879,25
nj,120N52880,25
nj,120N52902,40
nj,120N52903,25
nj,120N52904,25
nj,120N52909,25
nj,120N52910,25
nj,120N52913,25
nj,120N52914,25
nj,120N52915,25
nj,120N52917,25
nj,120N52918,25
nj,120N52920,25
nj,120N52927,
nj,120N52928,
nj,120N52951,
nj,120N52952,
nj,120N52957,
nj,120N52958,
nj,120N52959,
nj,120N52960,
nj,120N52961,
nj,120N52962,
nj,120N52963,
nj,120N53000,35
nj,120N53001,35
nj,120N53002,35
nj,120N53003,30
nj,120N53014,35
nj,120N53015,35
nj,120N53038,25
nj,120N53039,25
nj,120N53047,25
nj,120N53048,28.759
nj,120N53049,25
nj,120N53050,35
nj,120N53052,25
nj,120N53053,25
nj,120N53061,25
nj,120N53062,25
nj,120N53085,25
nj,120N53086,25
nj,120N53103,35
nj,120N53104,35
nj,120N53105,35
nj,120N53112,25
nj,120N53165,35
nj,120N53166,35
nj,120N53180,25
nj,120N53184,25
nj,120N53188,35
nj,120N53189,35
nj,120N53190,31.368
nj,120N53191,30.919
nj,120N53218,25
nj,120N53219,25
nj,120N53220,25
nj,120N53221,26.571
nj,120N53249,35
nj,120N53250,35
nj,120N53272,35
nj,120N53273,35
nj,120N53274,35
nj,120N53283,25
nj,120N53284,25
nj,120N53296,25
nj,120N53309,25
nj,120N53310,25
nj,120N53311,25
nj,120N53399,25
nj,120N53401,25
nj,120N53402,25
nj,120N53403,25
nj,120N53426,25
nj,120N53427,28.136
nj,120N53428,25
nj,120N53429,35
nj,120N53439,40.08
nj,120N53445,29.776
nj,120N53454,35
nj,120N53455,40
nj,120N53468,25
nj,120N53469,31.983
nj,120N53475,40
nj,120N53498,50
nj,120N53499,50
nj,120N53500,49.98
nj,120N53501,45
nj,120N53502,38.244
nj,120N53503,35
nj,120N53512,50
nj,120N53513,50
nj,120N53514,50
nj,120N53515,50
nj,120N53516,50
nj,120N53517,50
nj,120N53518,50
nj,120N53520,
nj,120N53524,
nj,120N53525,
nj,120N53529,
nj,120N53530,
nj,120N53535,40
nj,120N53536,40
nj,120N53537,40
nj,120N53538,40
nj,120N53539,46.844
nj,120N53540,44.261
nj,120N53542,45
nj,120N53543,43.862
nj,120N53544,30
nj,120N53556,40
nj,120N53557,40
nj,120N53558,40
nj,120N53594,25
nj,120N53595,34.028
nj,120N53602,40
nj,120N53603,42.563
nj,120N53604,30
nj,120N53624,25
nj,120N53627,25
nj,120N53638,
nj,120N53675,34.391
nj,120N53676,34.67
nj,120N53693,40
nj,120N53694,40
nj,120N53695,40
nj,120N53696,40
nj,120N53698,40
nj,120N53699,40
nj,120N53707,25
nj,120N53708,25
nj,120N53709,25
nj,120N53724,
nj,120N53725,
nj,120N53726,35
nj,120N53781,40
nj,120N53782,35
nj,120N53783,38.694
nj,120N53802,40
nj,120N53803,40
nj,120N53804,40
nj,120N53819,25
nj,120N53831,34.848
nj,120N53832,36.834
nj,120N53833,35.768
nj,120N53898,35
nj,120N53899,35
nj,120N53907,45
nj,120N53908,45
nj,120N53921,40
nj,120N53922,40
nj,120N54050,35
nj,120N54051,41.884
nj,120N54054,40
nj,120N54055,40
nj,120N63000,40
nj,120N63002,25
nj,120N63003,25
nj,120N63004,25
nj,120P04291,55
nj,120P04292,55
nj,120P04293,55
nj,120P04294,55
nj,120P04295,55
nj,120P04296,55
nj,120P04297,55
nj,120P04298,55
nj,120P04299,55
nj,120P04300,55
nj,120P04301,55
nj,120P04302,55
nj,120P04303,55
nj,120P04304,55
nj,120P04305,55
nj,120P04306,55
nj,120P04307,55
nj,120P04308,56.834
nj,120P04309,65
nj,120P04310,65
nj,120P04311,65
nj,120P04312,65
nj,120P04313,65
nj,120P04314,65
nj,120P04315,65
nj,120P04316,65
nj,120P04317,65
nj,120P04318,65
nj,120P04319,65
nj,120P04320,65
nj,120P04321,65
nj,120P04322,65
nj,120P04323,65
nj,120P04324,65
nj,120P04325,65
nj,120P04326,65
nj,120P04327,65
nj,120P04328,65
nj,120P04329,55
nj,120P04330,55
nj,120P04331,55
nj,120P04332,55
nj,120P04333,55
nj,120P04334,55
nj,120P04335,55
nj,120P04336,50
nj,120P04337,50
nj,120P04338,50
nj,120P04339,50
nj,120P04340,50
nj,120P04341,50
nj,120P04342,42.934
nj,120P04343,48.809
nj,120P04344,50
nj,120P04345,50
nj,120P04346,52.069
nj,120P04347,55
nj,120P04348,55
nj,120P04349,55
nj,120P04350,55
nj,120P04351,55
nj,120P04352,55
nj,120P04353,55
nj,120P04354,63.686
nj,120P04355,65
nj,120P04356,65
nj,120P04357,65
nj,120P04358,65
nj,120P04359,65
nj,120P04398,65
nj,120P04399,65
nj,120P04400,65
nj,120P04401,65
nj,120P04402,65
nj,120P04403,65
nj,120P04404,65
nj,120P04405,65
nj,120P04406,65
nj,120P04407,61.931
nj,120P04408,58.614
nj,120P04409,55
nj,120P04410,55
nj,120P04411,55
nj,120P04412,55
nj,120P04413,55
nj,120P04414,55
nj,120P04415,55
nj,120P04416,54.502
nj,120P04417,50
nj,120P04418,50
nj,120P04419,50
nj,120P04420,50
nj,120P04421,50
nj,120P04422,50
nj,120P04423,46.226
nj,120P04424,30.5
nj,120P04455,60.236
nj,120P04456,65
nj,120P04457,63.026
nj,120P04458,55
nj,120P04459,55
nj,120P04460,55
nj,120P04461,55
nj,120P04462,55
nj,120P04463,54.763
nj,120P04464,50
nj,120P04465,55
nj,120P04466,57.903
nj,120P04467,65
nj,120P04468,65
nj,120P04469,65
nj,120P04470,65
nj,120P04471,65
nj,120P04472,65
nj,120P04473,65
nj,120P04474,65
nj,120P04475,65
nj,120P04476,65
nj,120P04477,65
nj,120P04478,65
nj,120P04479,65
nj,120P04480,65
nj,120P04481,65
nj,120P04482,65
nj,120P04483,65
nj,120P04484,65
nj,120P04485,63.136
nj,120P04486,55
nj,120P04487,55
nj,120P04488,55
nj,120P04489,55
nj,120P04490,55
nj,120P04491,55
nj,120P04492,55
nj,120P04493,55
nj,120P04494,55
nj,120P04495,61.658
nj,120P04496,65
nj,120P04497,65
nj,120P04498,65
nj,120P04499,65
nj,120P04500,65
nj,120P04501,65
nj,120P04502,65
nj,120P04503,65
nj,120P04504,65
nj,120P04505,64.47
nj,120P04506,55
nj,120P04507,57.397
nj,120P04508,55
nj,120P04509,55
nj,120P04510,55
nj,120P04511,55
nj,120P04512,55
nj,120P04513,55
nj,120P04514,55
nj,120P04515,55
nj,120P04516,55
nj,120P04517,64.058
nj,120P04518,65
nj,120P04519,65
nj,120P04520,65
nj,120P04521,64.797
nj,120P04522,55
nj,120P04523,55
nj,120P04524,55
nj,120P04525,55
nj,120P04526,55
nj,120P04527,55
nj,120P04528,55
nj,120P04529,55
nj,120P04530,55
nj,120P04531,55
nj,120P04532,61.467
nj,120P04533,65
nj,120P04534,65
nj,120P04535,65
nj,120P04536,65
nj,120P04537,64.266
nj,120P04538,55
nj,120P04539,55
nj,120P04540,55
nj,120P04541,64.209
nj,120P04542,65
nj,120P04543,65
nj,120P04544,65
nj,120P04545,65
nj,120P04546,64.447
nj,120P04547,51.804
nj,120P04548,63.231
nj,120P04549,65
nj,120P04550,65
nj,120P04551,65
nj,120P04552,65
nj,120P04553,65
nj,120P04554,65
nj,120P04555,65
nj,120P04556,55
nj,120P04557,55
nj,120P04558,55
nj,120P04559,55
nj,120P04560,55
nj,120P04561,55
nj,120P04562,50
nj,120P04563,65
nj,120P04564,65
nj,120P04565,65
nj,120P04566,65
nj,120P04567,65
nj,120P04568,65
nj,120P04569,65
nj,120P04570,65
nj,120P04571,65
nj,120P04572,65
nj,120P04573,59.329
nj,120P04574,55
nj,120P04575,55
nj,120P04576,55
nj,120P04577,55
nj,120P04578,55
nj,120P04579,65
nj,120P04580,65
nj,120P04581,65
nj,120P04582,65
nj,120P04583,65
nj,120P04584,65
nj,120P04585,65
nj,120P04586,65
nj,120P04587,65
nj,120P04588,59.504
nj,120P04589,55
nj,120P04590,55
nj,120P04591,55
nj,120P04592,55
nj,120P04593,55
nj,120P04594,55
nj,120P04595,55
nj,120P04596,55
nj,120P04597,55
nj,120P04598,55
nj,120P04599,55
nj,120P04600,55
nj,120P04601,55
nj,120P04602,55
nj,120P04603,55
nj,120P04604,55
nj,120P04605,55
nj,120P04606,55
nj,120P04607,55
nj,120P04608,55
nj,120P04609,55
nj,120P04610,55
nj,120P04611,55
nj,120P04612,55
nj,120P04613,55
nj,120P04614,52.97
nj,120P04615,45
nj,120P04616,45
nj,120P04617,65
nj,120P04618,65
nj,120P04619,65
nj,120P04620,65
nj,120P04621,65
nj,120P04622,65
nj,120P04623,64.555
nj,120P04624,55
nj,120P04625,55
nj,120P04626,55
nj,120P04627,62.571
nj,120P04628,65
nj,120P04629,65
nj,120P04630,65
nj,120P04631,65
nj,120P04632,65
nj,120P04633,65
nj,120P04634,65
nj,120P04635,65
nj,120P04636,65
nj,120P04637,65
nj,120P04638,65
nj,120P04639,65
nj,120P04640,65
nj,120P04641,65
nj,120P04642,65
nj,120P04643,65
nj,120P04644,61.656
nj,120P04645,55
nj,120P04646,55
nj,120P04647,49.672
nj,120P04648,45
nj,120P04649,45.625
nj,120P04650,55
nj,120P04651,55
nj,120P04652,55
nj,120P04653,55
nj,120P04654,55
nj,120P04655,55
nj,120P04656,55
nj,120P04657,55
nj,120P04658,55
nj,120P04659,55
nj,120P04660,55
nj,120P04661,55
nj,120P04662,55
nj,120P04663,55
nj,120P04664,55
nj,120P04665,55
nj,120P04666,55
nj,120P04667,55
nj,120P04668,55
nj,120P04669,55
nj,120P04670,55
nj,120P04671,55
nj,120P04672,55
nj,120P04673,55
nj,120P04674,55
nj,120P04675,55
nj,120P04676,55
nj,120P04677,55
nj,120P04678,55
nj,120P04679,50.608
nj,120P04680,15
nj,120P04681,55
nj,120P04682,55
nj,120P04683,55
nj,120P04684,55
nj,120P04685,55
nj,120P04686,55
nj,120P04687,55
nj,120P04688,55
nj,120P04689,55
nj,120P04690,55
nj,120P04691,55
nj,120P04692,55
nj,120P04693,60.516
nj,120P04694,65
nj,120P04695,65
nj,120P04696,61.797
nj,120P04697,65
nj,120P04698,65
nj,120P04699,65
nj,120P04700,65
nj,120P04701,65
nj,120P04702,65
nj,120P04703,65
nj,120P04704,65
nj,120P04705,65
nj,120P04706,65
nj,120P04707,65
nj,120P04708,65
nj,120P04709,61.668
nj,120P04710,55
nj,120P04711,55
nj,120P04712,55
nj,120P04713,55
nj,120P04714,55
nj,120P04715,55
nj,120P04716,55
nj,120P04717,55
nj,120P04718,55
nj,120P04719,55
nj,120P04720,55
nj,120P04721,55
nj,120P04722,55
nj,120P04723,55
nj,120P04724,55
nj,120P04725,55
nj,120P04726,55
nj,120P04727,55
nj,120P04728,55
nj,120P04729,55
nj,120P04730,55
nj,120P04731,55
nj,120P04732,55
nj,120P04733,55
nj,120P04734,55
nj,120P04735,55
nj,120P04736,55
nj,120P04737,55
nj,120P04738,55
nj,120P04739,55
nj,120P04740,55
nj,120P04766,35
nj,120P04767,35
nj,120P04768,35
nj,120P04769,42.649
nj,120P04770,50
nj,120P04771,50
nj,120P04772,38.97
nj,120P04773,30
nj,120P04774,50
nj,120P04775,50
nj,120P04776,50
nj,120P04777,50
nj,120P04778,50
nj,120P04779,50
nj,120P04780,48.454
nj,120P04781,47.543
nj,120P04782,45
nj,120P04783,55
nj,120P04784,55
nj,120P04785,55
nj,120P04786,45
nj,120P04787,45
nj,120P04788,45
nj,120P04789,55
nj,120P04790,55
nj,120P04791,55
nj,120P04792,55
nj,120P04793,55
nj,120P04955,50
nj,120P04956,50
nj,120P04957,50
nj,120P04958,50
nj,120P04959,50
nj,120P04960,50
nj,120P04961,50
nj,120P04962,50
nj,120P04963,50
nj,120P04964,50
nj,120P04965,50
nj,120P04966,45
nj,120P04967,45
nj,120P04968,43.747
nj,120P04969,25
nj,120P04970,25
nj,120P04971,55
nj,120P04972,55
nj,120P04973,55
nj,120P04974,55
nj,120P04975,38.442
nj,120P04976,55
nj,120P05399,50
nj,120P05400,50
nj,120P05401,55
nj,120P05402,55
nj,120P05403,50
nj,120P05404,50
nj,120P05417,65
nj,120P05418,65
nj,120P05419,65
nj,120P05420,65
nj,120P05421,65
nj,120P05422,45
nj,120P05423,45
nj,120P05424,45
nj,120P05426,45
nj,120P05427,45
nj,120P05436,35
nj,120P05437,35
nj,120P05897,55
nj,120P05898,55
nj,120P05899,55
nj,120P05900,55
nj,120P05901,55
nj,120P05902,63.642
nj,120P05903,65
nj,120P05904,65
nj,120P05905,65
nj,120P05906,65
nj,120P05907,65
nj,120P05908,65
nj,120P05909,65
nj,120P05910,65
nj,120P05911,65
nj,120P05912,65
nj,120P06005,39.57
nj,120P06006,47.585
nj,120P06007,46.21
nj,120P06008,45
nj,120P06009,45
nj,120P06010,39.561
nj,120P06011,35
nj,120P06012,48.648
nj,120P06013,50
nj,120P06014,45
nj,120P06015,44.517
nj,120P06016,40
nj,120P06017,45
nj,120P06018,42.969
nj,120P06019,40
nj,120P06020,38.308
nj,120P06021,37.635
nj,120P06022,40
nj,120P06023,40
nj,120P06024,40
nj,120P06025,40
nj,120P06026,40
nj,120P06027,40
nj,120P06028,40
nj,120P06029,41.802
nj,120P06030,45
nj,120P06031,47.52
nj,120P06032,50
nj,120P06033,50
nj,120P06034,50
nj,120P06035,50
nj,120P06036,50
nj,120P06037,50
nj,120P06038,50
nj,120P06039,50
nj,120P06040,46.754
nj,120P06041,50
nj,120P06042,50
nj,120P06043,50
nj,120P06044,50
nj,120P06045,50
nj,120P06046,50
nj,120P06047,50
nj,120P06048,50
nj,120P06049,50
nj,120P06050,50
nj,120P06051,50
nj,120P06052,45.04
nj,120P06053,35
nj,120P06054,35
nj,120P06055,35
nj,120P06056,35.285
nj,120P06057,45
nj,120P06058,50
nj,120P06059,47.73
nj,120P06060,43.375
nj,120P06061,46.765
nj,120P06062,50
nj,120P06063,50
nj,120P06064,50
nj,120P06065,47.985
nj,120P06066,45
nj,120P06067,45
nj,120P06068,45.141
nj,120P06069,40.603
nj,120P06070,40
nj,120P06071,40
nj,120P06072,40
nj,120P06073,40
nj,120P06074,40
nj,120P06075,47.957
nj,120P06076,45
nj,120P06077,33.958
nj,120P06078,45
nj,120P06079,50.298
nj,120P06080,50
nj,120P06081,50
nj,120P06082,50
nj,120P06083,50
nj,120P06084,50
nj,120P06085,50
nj,120P06086,50
nj,120P06087,50
nj,120P06088,50
nj,120P06089,43.668
nj,120P06090,35
nj,120P06091,37.661
nj,120P06092,40
nj,120P06093,34.114
nj,120P06094,35
nj,120P06095,35
nj,120P06096,39.765
nj,120P06097,48.844
nj,120P06098,50
nj,120P06099,50
nj,120P06100,50
nj,120P06101,50
nj,120P06102,50
nj,120P06103,50
nj,120P06104,50
nj,120P06105,50
nj,120P06106,50
nj,120P06107,50
nj,120P06108,50
nj,120P06109,50
nj,120P06110,50
nj,120P06111,50
nj,120P06112,50
nj,120P06113,50
nj,120P06114,50
nj,120P06115,50.669
nj,120P06116,55
nj,120P06117,55
nj,120P06118,55
nj,120P06119,55
nj,120P06120,55
nj,120P06121,55
nj,120P06122,55
nj,120P06123,55
nj,120P06124,55
nj,120P06125,55
nj,120P06126,55
nj,120P06127,55
nj,120P06128,55
nj,120P06129,55
nj,120P06130,55
nj,120P06142,55
nj,120P06143,55
nj,120P06144,52.565
nj,120P06145,50
nj,120P06176,65
nj,120P06177,65
nj,120P06178,65
nj,120P06179,65
nj,120P06180,65
nj,120P06181,64.706
nj,120P06182,55
nj,120P06183,55
nj,120P06184,53.137
nj,120P06185,50
nj,120P06186,50
nj,120P06187,50
nj,120P06833,34.421
nj,120P06834,25
nj,120P06835,33.13
nj,120P06836,35
nj,120P07087,45
nj,120P07088,45
nj,120P07089,45
nj,120P07090,45
nj,120P07253,52.025
nj,120P07254,42.438
nj,120P07387,46.537
nj,120P07388,45
nj,120P07389,40
nj,120P07390,42.993
nj,120P07391,40.742
nj,120P07392,45
nj,120P07393,45
nj,120P07394,45
nj,120P07395,44.38
nj,120P07396,40
nj,120P07397,35
nj,120P07398,35
nj,120P07399,35
nj,120P07404,40
nj,120P07405,40
nj,120P07406,40
nj,120P07407,55
nj,120P07408,55
nj,120P07409,55
nj,120P07410,55
nj,120P07411,55
nj,120P07412,55
nj,120P07413,55
nj,120P07414,55
nj,120P07415,45
nj,120P07416,48.4
nj,120P07417,55
nj,120P07418,55
nj,120P07419,55
nj,120P07420,50.402
nj,120P07421,50
nj,120P07422,50
nj,120P07423,50
nj,120P07424,50
nj,120P07425,50
nj,120P07426,50
nj,120P07427,50
nj,120P07428,48.284
nj,120P07429,45
nj,120P07430,45
nj,120P07431,45
nj,120P07432,45
nj,120P07433,45
nj,120P07434,45
nj,120P07435,45
nj,120P07436,45
nj,120P07437,45
nj,120P07438,45
nj,120P07439,45
nj,120P07440,45
nj,120P07442,55
nj,120P07443,55
nj,120P07444,55
nj,120P07445,50
nj,120P07446,50
nj,120P07447,50
nj,120P07448,50
nj,120P07449,49.617
nj,120P07450,35
nj,120P07451,35
nj,120P07452,35
nj,120P07453,35
nj,120P07454,35
nj,120P07455,35
nj,120P07456,35
nj,120P07457,35
nj,120P07458,42.386
nj,120P07459,55
nj,120P07460,51.209
nj,120P07461,50
nj,120P07462,50
nj,120P07463,50
nj,120P07464,50
nj,120P07465,45
nj,120P07466,48.424
nj,120P07467,38.876
nj,120P07468,40
nj,120P07469,40
nj,120P07470,45
nj,120P07471,45
nj,120P07472,45
nj,120P07473,45
nj,120P07474,45
nj,120P07475,45
nj,120P07476,45
nj,120P07477,45
nj,120P07478,43.427
nj,120P07479,45.392
nj,120P07480,55
nj,120P07481,55
nj,120P07482,55
nj,120P07483,55
nj,120P07484,55
nj,120P07485,54.654
nj,120P07486,49.802
nj,120P07487,45
nj,120P07488,45
nj,120P07489,45
nj,120P07490,45
nj,120P07491,42.312
nj,120P07492,40
nj,120P07493,42.83
nj,120P07494,49.014
nj,120P07495,47.622
nj,120P07496,43.632
nj,120P07497,42.99
nj,120P07498,43.914
nj,120P07499,55
nj,120P07500,52.61
nj,120P07501,46.601
nj,120P07502,39.442
nj,120P07503,35
nj,120P07504,45
nj,120P07505,52.352
nj,120P07506,49.543
nj,120P07507,42.069
nj,120P07508,50
nj,120P07509,50
nj,120P07510,50
nj,120P07511,48.192
nj,120P07512,48.768
nj,120P07513,47.726
nj,120P07514,45
nj,120P07515,46.359
nj,120P07516,50
nj,120P07517,50
nj,120P07518,50
nj,120P07519,59
nj,120P07520,50
nj,120P07521,55
nj,120P07522,54.817
nj,120P07523,45
nj,120P07524,45
nj,120P07525,55
nj,120P07526,55
nj,120P07527,55
nj,120P07528,55
nj,120P07529,55
nj,120P07530,55
nj,120P07531,55
nj,120P07532,55
nj,120P07533,55
nj,120P07534,46.834
nj,120P07535,55
nj,120P07536,49.961
nj,120P07537,44.597
nj,120P07538,55
nj,120P07539,55
nj,120P07540,55
nj,120P07541,50
nj,120P07542,50
nj,120P07543,50
nj,120P07544,50
nj,120P07545,50
nj,120P07546,50
nj,120P07547,50
nj,120P07548,50
nj,120P07549,50
nj,120P07550,50
nj,120P07551,50
nj,120P07552,52.641
nj,120P07553,55
nj,120P07554,55
nj,120P07555,54.108
nj,120P07556,50
nj,120P07557,50
nj,120P07558,45.482
nj,120P07559,50
nj,120P07560,25
nj,120P07561,25
nj,120P07562,25
nj,120P07563,25
nj,120P07564,25
nj,120P07565,25
nj,120P07567,25
nj,120P07568,25
nj,120P07569,25
nj,120P07570,25
nj,120P07571,55
nj,120P07572,55
nj,120P07573,55
nj,120P07574,55
nj,120P07575,55
nj,120P07576,55
nj,120P07577,55
nj,120P07578,55
nj,120P07579,55
nj,120P07580,55
nj,120P07581,54.344
nj,120P07582,50
nj,120P07583,54.647
nj,120P07584,51.842
nj,120P07585,50
nj,120P07586,50
nj,120P07587,50
nj,120P07588,50
nj,120P07589,50
nj,120P07590,50
nj,120P07591,50
nj,120P07592,50
nj,120P07593,50
nj,120P07594,50
nj,120P07595,50
nj,120P07596,44.191
nj,120P07597,50
nj,120P07598,50
nj,120P07599,50
nj,120P07600,50
nj,120P07601,50
nj,120P07602,50
nj,120P07603,45
nj,120P07604,45
nj,120P07605,45
nj,120P07606,41.083
nj,120P07607,40
nj,120P07608,40
nj,120P07609,40
nj,120P07610,36.11
nj,120P07611,40
nj,120P07612,49.217
nj,120P07613,50
nj,120P07614,50
nj,120P07615,50
nj,120P07616,55
nj,120P07617,45
nj,120P07618,47.296
nj,120P07619,50
nj,120P07620,50
nj,120P07621,48.692
nj,120P07622,53.28
nj,120P07623,55
nj,120P07624,55
nj,120P07625,55
nj,120P07626,55
nj,120P07627,55
nj,120P07628,55
nj,120P07629,55
nj,120P07630,55
nj,120P07631,55
nj,120P07632,54.186
nj,120P07633,50
nj,120P07634,50
nj,120P07635,50
nj,120P07636,50
nj,120P07637,50
nj,120P07638,50
nj,120P07639,50
nj,120P07640,50
nj,120P07641,50
nj,120P07642,50
nj,120P07643,50
nj,120P07644,50
nj,120P07645,50
nj,120P07646,50
nj,120P07647,45
nj,120P07648,45
nj,120P07649,45
nj,120P07650,42.154
nj,120P07651,37.737
nj,120P07652,45
nj,120P07653,40
nj,120P07654,40
nj,120P07655,40
nj,120P07656,40
nj,120P07657,48.474
nj,120P07658,50
nj,120P07659,50
nj,120P07660,50
nj,120P07661,50
nj,120P07662,50
nj,120P07663,50
nj,120P07664,38.896
nj,120P07665,40.868
nj,120P07666,40
nj,120P07667,40
nj,120P07668,40
nj,120P07678,35
nj,120P07679,50
nj,120P07680,50
nj,120P07775,54.56
nj,120P07776,55
nj,120P07777,55
nj,120P07778,55
nj,120P07779,55
nj,120P07780,55
nj,120P07781,55
nj,120P07805,55
nj,120P07806,55
nj,120P07807,50.505
nj,120P07817,50
nj,120P07818,50
nj,120P07819,50
nj,120P07820,42.554
nj,120P07821,40
nj,120P07822,30
nj,120P07823,42.252
nj,120P07824,40.886
nj,120P07826,43.562
nj,120P07827,45
nj,120P07828,42.96
nj,120P07829,31.048
nj,120P07830,31.102
nj,120P07831,40
nj,120P07832,41.49
nj,120P07833,40.127
nj,120P07834,40.974
nj,120P07835,33.361
nj,120P07836,40
nj,120P07837,31.934
nj,120P07838,35
nj,120P07839,39.008
nj,120P07840,40
nj,120P07842,43.788
nj,120P07844,55
nj,120P07845,55
nj,120P07846,41.244
nj,120P07847,40
nj,120P07848,40
nj,120P07849,44.579
nj,120P07850,40
nj,120P07851,37.323
nj,120P07852,35
nj,120P07853,38.961
nj,120P07854,40
nj,120P07855,44.581
nj,120P07856,31.897
nj,120P07857,30.716
nj,120P07858,33.473
nj,120P10269,56.752
nj,120P10270,55
nj,120P10271,55
nj,120P10272,55
nj,120P10273,55
nj,120P10274,55
nj,120P10275,55
nj,120P10287,50
nj,120P10288,50
nj,120P10289,50
nj,120P10290,50
nj,120P10291,50
nj,120P10292,50
nj,120P10293,50
nj,120P10294,50
nj,120P10295,50
nj,120P10296,50
nj,120P10297,50
nj,120P10298,50
nj,120P10299,50
nj,120P10300,50
nj,120P10301,50
nj,120P10302,50
nj,120P10303,50
nj,120P10304,50
nj,120P10305,50
nj,120P10306,43.412
nj,120P10307,40
nj,120P10308,40
nj,120P10309,45
nj,120P10310,45
nj,120P10311,45
nj,120P10312,45
nj,120P10313,45
nj,120P10315,45
nj,120P10316,45
nj,120P10317,40.934
nj,120P10318,38.242
nj,120P10320,40
nj,120P10321,40
nj,120P10322,40
nj,120P10372,46.19
nj,120P10373,50
nj,120P10374,47.047
nj,120P10375,42.186
nj,120P10376,41.336
nj,120P10377,40
nj,120P10378,38.086
nj,120P10379,26.77
nj,120P10380,30
nj,120P10381,40
nj,120P10382,40
nj,120P10383,40
nj,120P10384,34.131
nj,120P10385,30
nj,120P10386,32.594
nj,120P10387,41.028
nj,120P10388,35
nj,120P10389,35
nj,120P10390,35
nj,120P10391,32.116
nj,120P10392,30
nj,120P10393,25
nj,120P10394,25
nj,120P10395,47.627
nj,120P10396,50
nj,120P10397,50
nj,120P10398,50
nj,120P10399,50
nj,120P10400,50
nj,120P10401,50
nj,120P10402,50
nj,120P10403,50
nj,120P10404,50
nj,120P10405,50
nj,120P10406,50
nj,120P10407,44.895
nj,120P10408,46.388
nj,120P10409,50
nj,120P10410,50
nj,120P10411,41.765
nj,120P10412,46.39
nj,120P10413,33.233
nj,120P10414,42.686
nj,120P10415,42.88
nj,120P10416,36.868
nj,120P10417,40
nj,120P10418,40
nj,120P10419,38.896
nj,120P10420,35
nj,120P10421,55
nj,120P10422,54.374
nj,120P10423,55
nj,120P10424,56.189
nj,120P10425,55
nj,120P10426,55
nj,120P10427,54.768
nj,120P10428,50
nj,120P10429,50
nj,120P10430,46.82
nj,120P10446,35
nj,120P10447,46.668
nj,120P10448,30
nj,120P10449,33.052
nj,120P10450,34.637
nj,120P10451,27.87
nj,120P10452,32.415
nj,120P10453,35
nj,120P10455,30
nj,120P10456,30
nj,120P10457,33.056
nj,120P10458,38.758
nj,120P10459,40
nj,120P10460,40
nj,120P10461,40
nj,120P10462,40
nj,120P10463,40
nj,120P10464,42.565
nj,120P10488,34.859
nj,120P10489,33.857
nj,120P10490,25
nj,120P10491,45
nj,120P10493,49.588
nj,120P10494,50
nj,120P10495,50
nj,120P10498,45
nj,120P10499,31.931
nj,120P10500,37.924
nj,120P10501,35
nj,120P10502,35
nj,120P10503,35
nj,120P10504,55
nj,120P10505,55
nj,120P10506,54.399
nj,120P10511,33.153
nj,120P10512,40
nj,120P10513,40
nj,120P10514,39.728
nj,120P10515,35
nj,120P10516,35
nj,120P10517,35
nj,120P10518,35
nj,120P10519,35
nj,120P10520,31.692
nj,120P10521,43.654
nj,120P10522,36.22
nj,120P10523,35
nj,120P10525,45
nj,120P10526,43.158
nj,120P10527,46.245
nj,120P10538,36.158
nj,120P10539,35.283
nj,120P10550,30
nj,120P10551,29.418
nj,120P10669,30.996
nj,120P10673,44.662
nj,120P10674,50
nj,120P10675,50
nj,120P10676,50
nj,120P10677,55
nj,120P10678,57.532
nj,120P10687,45
nj,120P10688,40.708
nj,120P10689,30
nj,120P10725,35
nj,120P10726,33.415
nj,120P10727,25
nj,120P10728,30.943
nj,120P10729,35
nj,120P10730,35
nj,120P10731,48.93
nj,120P10732,50
nj,120P10733,49.256
nj,120P10734,47.099
nj,120P10735,50
nj,120P10736,40
nj,120P10737,47.644
nj,120P10738,30
nj,120P10739,50
nj,120P10740,50
nj,120P10741,50
nj,120P10742,40.527
nj,120P10743,44.699
nj,120P10744,45
nj,120P10745,52.813
nj,120P10747,53.611
nj,120P10748,50
nj,120P10749,50
nj,120P10750,50
nj,120P10751,50
nj,120P10752,50
nj,120P10754,40
nj,120P10755,45.336
nj,120P10760,28.639
nj,120P10761,30
nj,120P10762,45
nj,120P10763,36.428
nj,120P10764,36.815
nj,120P10765,34.499
nj,120P10766,35
nj,120P10767,47.463
nj,120P10768,51.053
nj,120P10769,45.359
nj,120P10770,40
nj,120P10771,36.038
nj,120P10772,35
nj,120P10773,35
nj,120P10774,41.408
nj,120P10775,50
nj,120P10776,50
nj,120P10777,50
nj,120P10778,46.248
nj,120P10779,40
nj,120P10780,40
nj,120P10781,33.027
nj,120P10823,35
nj,120P10824,34.205
nj,120P10825,25
nj,120P10826,25
nj,120P10827,50
nj,120P10828,50
nj,120P10829,52.865
nj,120P10830,55
nj,120P10831,53.228
nj,120P10832,50.833
nj,120P10833,55
nj,120P10834,55
nj,120P10835,55
nj,120P10836,54.006
nj,120P10837,40
nj,120P10838,33.192
nj,120P10839,30
nj,120P10840,45
nj,120P10841,44.142
nj,120P10842,38.898
nj,120P10843,25
nj,120P10856,40
nj,120P10857,34.152
nj,120P10858,35
nj,120P10859,35
nj,120P10861,40
nj,120P10862,44.747
nj,120P10863,40.43
nj,120P10864,25
nj,120P10912,36.165
nj,120P10913,25
nj,120P10914,35
nj,120P10915,38.252
nj,120P10916,29.572
nj,120P10933,40
nj,120P10934,30
nj,120P10935,45
nj,120P10936,44.488
nj,120P10937,50
nj,120P10938,35
nj,120P10939,40
nj,120P10940,40
nj,120P10941,40
nj,120P10943,53.451
nj,120P10944,47.963
nj,120P10947,50
nj,120P10950,50
nj,120P10953,45
nj,120P10954,38.051
nj,120P10961,35
nj,120P10962,33.238
nj,120P10963,34.331
nj,120P10964,35
nj,120P10965,25
nj,120P10966,25
nj,120P10967,30.285
nj,120P10968,34.189
nj,120P10969,28.545
nj,120P10970,32.768
nj,120P10971,35
nj,120P10972,40.903
nj,120P10973,40
nj,120P10985,40
nj,120P11005,40.564
nj,120P11006,33.488
nj,120P11013,50
nj,120P11014,50
nj,120P11015,50
nj,120P11016,50
nj,120P11017,49.837
nj,120P11018,38.413
nj,120P11019,38.017
nj,120P11020,35
nj,120P11021,43.219
nj,120P11029,50
nj,120P11030,50
nj,120P11031,50
nj,120P11032,46.924
nj,120P11033,50
nj,120P11034,50
nj,120P11045,30
nj,120P11076,35
nj,120P11080,30.578
nj,120P11081,34.619
nj,120P11321,44.942
nj,120P11322,40.829
nj,120P11323,50
nj,120P11324,50
nj,120P11325,50
nj,120P11326,41.748
nj,120P11327,40
nj,120P11328,55
nj,120P11329,35
nj,120P11335,30
nj,120P11347,55
nj,120P11348,48.693
nj,120P11349,41.567
nj,120P11350,50
nj,120P11351,45.318
nj,120P11352,50
nj,120P11353,38.486
nj,120P11354,50
nj,120P11355,43.007
nj,120P11356,43.164
nj,120P11416,45.044
nj,120P11417,43.695
nj,120P11419,38.795
nj,120P11420,35
nj,120P11421,45
nj,120P11423,35
nj,120P11425,35
nj,120P11426,25
nj,120P11427,33.691
nj,120P11428,39.004
nj,120P11429,45
nj,120P11430,50
nj,120P11431,48.266
nj,120P11432,50
nj,120P11433,46.35
nj,120P11434,49.159
nj,120P11435,41.515
nj,120P11437,30
nj,120P11754,45
nj,120P11755,52.017
nj,120P13093,30
nj,120P13094,34.516
nj,120P13095,40
nj,120P13096,32.99
nj,120P13155,37.204
nj,120P13156,35.649
nj,120P13157,31.782
nj,120P13165,38.662
nj,120P13166,30
nj,120P13176,30
nj,120P13177,25
nj,120P13178,42.974
nj,120P13179,50
nj,120P13180,47.435
nj,120P13181,42.288
nj,120P13182,33.705
nj,120P13183,50
nj,120P13184,50
nj,120P13185,45
nj,120P13186,49.123
nj,120P13187,50
nj,120P13188,54.714
nj,120P13189,55
nj,120P13190,55
nj,120P13191,53.451
nj,120P13192,47.963
nj,120P13193,55
nj,120P13194,55
nj,120P13195,55
nj,120P13196,55
nj,120P13197,55
nj,120P13198,55
nj,120P13199,55
nj,120P13200,55
nj,120P13201,44.215
nj,120P13202,45.438
nj,120P13203,44.924
nj,120P13204,46.879
nj,120P13205,45
nj,120P13206,45
nj,120P13216,32.662
nj,120P13217,25
nj,120P13218,45
nj,120P13219,37.621
nj,120P13245,50
nj,120P13246,35
nj,120P13247,35
nj,120P13248,35
nj,120P13249,42.276
nj,120P13250,40
nj,120P13251,47.743
nj,120P13252,42.976
nj,120P13253,48.694
nj,120P13255,41.153
nj,120P13256,44.085
nj,120P13257,43.822
nj,120P13260,43.008
nj,120P13261,32.859
nj,120P13262,30
nj,120P13263,30
nj,120P13264,29.739
nj,120P13265,50
nj,120P13266,49.508
nj,120P13267,25
nj,120P13273,44.518
nj,120P13274,47.287
nj,120P13275,40.424
nj,120P13276,41.34
nj,120P13277,45
nj,120P13278,43.685
nj,120P13279,45
nj,120P13280,45
nj,120P13281,38.067
nj,120P13282,35
nj,120P13283,35
nj,120P13284,50
nj,120P13406,35.556
nj,120P13407,50
nj,120P13628,25
nj,120P13629,40
nj,120P13630,50
nj,120P13631,50
nj,120P13632,50
nj,120P13633,50
nj,120P13634,50
nj,120P13642,55
nj,120P13643,55
nj,120P13650,40
nj,120P13651,38.282
nj,120P13653,25.842
nj,120P13654,
nj,120P13655,
nj,120P13668,40
nj,120P13669,40
nj,120P13670,40
nj,120P13671,40
nj,120P13672,42.48
nj,120P13688,55
nj,120P13689,55
nj,120P13690,55
nj,120P13691,55
nj,120P13692,55
nj,120P13693,55
nj,120P13694,55
nj,120P13695,55
nj,120P13696,54.322
nj,120P13697,47.39
nj,120P13698,43.728
nj,120P13701,40
nj,120P13702,40
nj,120P13703,40
nj,120P13704,55
nj,120P13705,55
nj,120P13706,55
nj,120P13707,55
nj,120P13708,55
nj,120P13710,42.392
nj,120P13711,45
nj,120P13767,55
nj,120P13768,45
nj,120P13769,45
nj,120P13770,40
nj,120P13828,36.258
nj,120P13829,49.152
nj,120P13830,50
nj,120P13853,35.756
nj,120P13854,36.988
nj,120P13855,40
nj,120P13856,37.429
nj,120P13857,37.54
nj,120P13858,55
nj,120P13862,44.466
nj,120P13863,36.102
nj,120P13864,43.18
nj,120P13865,40.424
nj,120P13866,35
nj,120P13867,45.862
nj,120P13868,43.399
nj,120P13869,40
nj,120P13870,40
nj,120P13874,41.984
nj,120P13875,39.746
nj,120P13876,38.708
nj,120P13877,45
nj,120P13883,43.447
nj,120P13884,25
nj,120P13885,29.616
nj,120P13886,45
nj,120P13887,37.16
nj,120P13888,48.979
nj,120P13889,50
nj,120P13920,45
nj,120P13921,42.756
nj,120P13922,50
nj,120P13923,45.255
nj,120P13924,40
nj,120P13925,40
nj,120P13926,45.339
nj,120P13927,50
nj,120P13928,55
nj,120P13929,55
nj,120P13930,55
nj,120P13958,48.324
nj,120P13959,44.23
nj,120P13960,47.97
nj,120P13961,37.829
nj,120P13962,27.011
nj,120P13963,43.33
nj,120P13964,49.311
nj,120P13965,47.427
nj,120P13966,50
nj,120P13967,36.194
nj,120P13968,35
nj,120P13969,54.406
nj,120P13970,54.566
nj,120P13971,54.826
nj,120P13972,45
nj,120P14002,35
nj,120P14003,35
nj,120P14004,35
nj,120P14005,37.988
nj,120P14006,40
nj,120P14007,40
nj,120P14008,40
nj,120P14009,35
nj,120P14010,38.555
nj,120P14011,40
nj,120P14012,44.868
nj,120P14013,44.591
nj,120P14014,34.015
nj,120P14015,33.025
nj,120P14016,34.552
nj,120P14017,40
nj,120P14018,40
nj,120P14019,40
nj,120P14040,55
nj,120P14041,55
nj,120P14042,55
nj,120P14068,30.807
nj,120P14069,34.235
nj,120P14070,35
nj,120P14071,35
nj,120P14072,35
nj,120P14073,47.701
nj,120P14074,50
nj,120P14075,42.342
nj,120P14076,37.703
nj,120P14077,45
nj,120P14084,32.279
nj,120P14085,25
nj,120P14086,35
nj,120P14087,45
nj,120P14098,21.881
nj,120P14099,25
nj,120P14100,25
nj,120P14101,45
nj,120P14102,45
nj,120P14103,38.356
nj,120P14104,35
nj,120P14105,35
nj,120P14106,40
nj,120P14107,40
nj,120P14141,37.514
nj,120P14193,35
nj,120P14205,33.822
nj,120P14206,35
nj,120P14207,35
nj,120P14208,35.344
nj,120P14209,40
nj,120P14210,40
nj,120P14214,35
nj,120P14215,35
nj,120P14216,25.752
nj,120P14217,25
nj,120P14218,25
nj,120P14219,25
nj,120P14220,30
nj,120P14221,30
nj,120P14222,35
nj,120P14223,35
nj,120P14224,35
nj,120P14225,28.086
nj,120P14226,25
nj,120P14227,31.841
nj,120P14228,38.265
nj,120P14229,40
nj,120P14230,34.357
nj,120P14231,40
nj,120P14232,32.787
nj,120P14233,38.206
nj,120P14234,35
nj,120P14236,35
nj,120P14237,25.858
nj,120P14238,25
nj,120P14239,25
nj,120P14240,25
nj,120P14241,25
nj,120P14242,35
nj,120P14243,35
nj,120P14244,36.499
nj,120P14245,40
nj,120P14250,25
nj,120P14251,27.215
nj,120P14252,38.029
nj,120P14253,40
nj,120P14254,39.482
nj,120P14255,38.278
nj,120P14256,40
nj,120P14257,38.55
nj,120P14258,35
nj,120P14259,35
nj,120P14273,25
nj,120P14274,25
nj,120P14275,25
nj,120P14276,35.703
nj,120P14277,40
nj,120P14278,40
nj,120P14305,34.621
nj,120P14306,45.82
nj,120P14307,50
nj,120P14317,25
nj,120P14318,42.044
nj,120P14319,44.682
nj,120P14320,37.408
nj,120P14321,43.072
nj,120P14324,42.63
nj,120P14325,45
nj,120P14326,45
nj,120P14351,35
nj,120P14352,35
nj,120P14395,35
nj,120P14400,25
nj,120P14401,25
nj,120P14402,25
nj,120P14403,28.642
nj,120P14404,35
nj,120P14405,35
nj,120P14406,31.462
nj,120P14407,34.142
nj,120P14408,28.027
nj,120P14409,25
nj,120P14410,26.493
nj,120P14411,35.461
nj,120P14412,43.983
nj,120P14413,35.893
nj,120P14414,40
nj,120P14415,
nj,120P14428,25
nj,120P14429,25
nj,120P14430,27.158
nj,120P14434,40
nj,120P14435,40
nj,120P14458,25
nj,120P14459,25
nj,120P14460,25
nj,120P14461,27.105
nj,120P14462,35
nj,120P14466,27.182
nj,120P14467,37.027
nj,120P14468,40
nj,120P14469,40
nj,120P14472,40
nj,120P14473,39.545
nj,120P14474,39.367
nj,120P14475,40
nj,120P14477,37.343
nj,120P14478,30.149
nj,120P14479,35
nj,120P14480,35
nj,120P14483,34.197
nj,120P14484,39.205
nj,120P14487,38.002
nj,120P14488,35.739
nj,120P14490,40
nj,120P14493,55
nj,120P14510,25
nj,120P14512,25
nj,120P14514,40
nj,120P14515,33.816
nj,120P14516,25
nj,120P14517,35
nj,120P14518,35
nj,120P14529,39.077
nj,120P14530,25
nj,120P14537,25
nj,120P14538,25
nj,120P14539,25
nj,120P14540,25
nj,120P14541,25
nj,120P14542,25
nj,120P14543,25
nj,120P14544,25
nj,120P14545,25
nj,120P14546,25
nj,120P14547,25
nj,120P14548,25
nj,120P14549,25
nj,120P14550,25
nj,120P14551,25.908
nj,120P14552,35
nj,120P14553,36.122
nj,120P14554,40
nj,120P14555,44.047
nj,120P14561,39.635
nj,120P14562,40
nj,120P14563,40
nj,120P14564,30.694
nj,120P14565,35
nj,120P14566,30.15
nj,120P14567,26.399
nj,120P14568,25
nj,120P14569,25
nj,120P14570,40
nj,120P14571,35.346
nj,120P14572,35
nj,120P14573,35
nj,120P14574,35
nj,120P14575,33.816
nj,120P14576,37.003
nj,120P14577,40
nj,120P14578,44.624
nj,120P14579,35.522
nj,120P14580,35
nj,120P14581,35
nj,120P14582,35
nj,120P14583,35
nj,120P14584,41.299
nj,120P14585,32.652
nj,120P14586,34.292
nj,120P14587,41.061
nj,120P14588,35
nj,120P14589,37.521
nj,120P14590,35.567
nj,120P14591,30
nj,120P14592,32.831
nj,120P14593,25
nj,120P14594,38.177
nj,120P14595,33.26
nj,120P14596,35
nj,120P14597,35.083
nj,120P14598,40
nj,120P14599,40
nj,120P14600,35.306
nj,120P14601,35
nj,120P14602,40
nj,120P14613,30.178
nj,120P14614,35
nj,120P14615,37.994
nj,120P14616,40
nj,120P14617,36.438
nj,120P14618,25
nj,120P14619,31.635
nj,120P14620,35
nj,120P14621,25
nj,120P14622,25
nj,120P14623,32.182
nj,120P14624,35
nj,120P14625,30
nj,120P14627,30
nj,120P14628,30
nj,120P14629,31.389
nj,120P14630,35
nj,120P14631,35
nj,120P14632,40
nj,120P14633,37.28
nj,120P14634,38.092
nj,120P14635,40
nj,120P14636,28.512
nj,120P14637,28.759
nj,120P14638,35
nj,120P14639,25.488
nj,120P14648,25.088
nj,120P14649,25
nj,120P14652,25
nj,120P14653,25
nj,120P14654,25
nj,120P14655,25
nj,120P14656,25
nj,120P14657,32.871
nj,120P14658,36.885
nj,120P14659,35
nj,120P14660,35
nj,120P14661,35
nj,120P14662,35
nj,120P14663,30
nj,120P14664,30
nj,120P14665,30
nj,120P14666,35
nj,120P14667,35
nj,120P14668,36.204
nj,120P14669,40
nj,120P14670,45
nj,120P14671,48.957
nj,120P14672,50
nj,120P14673,47.574
nj,120P14674,46.259
nj,120P14675,44.628
nj,120P14676,40
nj,120P14677,25
nj,120P14678,25
nj,120P14679,25
nj,120P14680,25
nj,120P14681,25
nj,120P14682,40
nj,120P14683,45
nj,120P14684,40.276
nj,120P14694,40.832
nj,120P14702,35
nj,120P14703,35.813
nj,120P14704,40
nj,120P14705,40
nj,120P14713,31.618
nj,120P14715,25
nj,120P14716,47.696
nj,120P14717,41.693
nj,120P14718,31.672
nj,120P14724,45
nj,120P14730,33.498
nj,120P14731,28.349
nj,120P14732,35.287
nj,120P14733,38.397
nj,120P14734,29.001
nj,120P14735,43.605
nj,120P14736,39.86
nj,120P14737,40
nj,120P14738,27.59
nj,120P14739,35
nj,120P14740,40.725
nj,120P14741,42.381
nj,120P14742,45.346
nj,120P14743,38.491
nj,120P14744,40
nj,120P14745,35.714
nj,120P14746,29.144
nj,120P14747,38.559
nj,120P14748,40.512
nj,120P14749,25
nj,120P14750,25
nj,120P14751,25
nj,120P14752,25
nj,120P14753,25
nj,120P14754,25
nj,120P14762,30
nj,120P14763,35
nj,120P14767,36.552
nj,120P14768,40
nj,120P14769,35
nj,120P14780,40
nj,120P14781,38.361
nj,120P14782,42.068
nj,120P14783,42.154
nj,120P14784,37.254
nj,120P14794,25
nj,120P14796,45
nj,120P14797,40.514
nj,120P14798,45
nj,120P14803,49.89
nj,120P14804,50
nj,120P14805,47.168
nj,120P14816,38.101
nj,120P14817,50
nj,120P14818,46.543
nj,120P14819,35.119
nj,120P14820,35
nj,120P14821,39.027
nj,120P14822,38.555
nj,120P14823,30.825
nj,120P14824,35
nj,120P14825,35
nj,120P14826,28.965
nj,120P14828,33.033
nj,120P14829,38.718
nj,120P14830,40.602
nj,120P14831,33.501
nj,120P14832,29.257
nj,120P14833,38.641
nj,120P14834,35.854
nj,120P14836,35
nj,120P14837,35
nj,120P14838,35
nj,120P14839,42.236
nj,120P14840,40
nj,120P14841,40
nj,120P14842,40
nj,120P14843,32.629
nj,120P14844,31.283
nj,120P14845,40
nj,120P14854,37.436
nj,120P14855,37.392
nj,120P14856,40
nj,120P14877,35
nj,120P14878,35
nj,120P14879,35
nj,120P14881,37.388
nj,120P14882,35
nj,120P14898,50
nj,120P14899,50
nj,120P14900,50
nj,120P14901,50
nj,120P14902,50
nj,120P14903,50
nj,120P14904,47.076
nj,120P14905,40
nj,120P14906,40
nj,120P14907,25
nj,120P14908,25
nj,120P14909,39.161
nj,120P14910,50
nj,120P14911,47.243
nj,120P14912,48.197
nj,120P14913,50
nj,120P14915,40
nj,120P14916,37.688
nj,120P14917,35
nj,120P14925,55
nj,120P14926,53.807
nj,120P14932,42.879
nj,120P14933,49.564
nj,120P14934,49.546
nj,120P14935,45
nj,120P14937,40
nj,120P14938,40
nj,120P14939,36.11
nj,120P14940,35.292
nj,120P14941,46.963
nj,120P14946,50
nj,120P14947,49.01
nj,120P14948,50
nj,120P14951,40
nj,120P14952,36.482
nj,120P14953,40
nj,120P14954,40
nj,120P14955,39.428
nj,120P14956,48.451
nj,120P14957,55
nj,120P14958,35
nj,120P14959,35.365
nj,120P14961,35
nj,120P14962,31.91
nj,120P14963,35
nj,120P14964,30.031
nj,120P14965,25
nj,120P14966,40
nj,120P14967,40
nj,120P14968,39.407
nj,120P14969,35
nj,120P14970,38.615
nj,120P14971,40
nj,120P14990,40
nj,120P14991,35
nj,120P14992,35
nj,120P14995,25
nj,120P15007,30
nj,120P15008,26.03
nj,120P15009,25
nj,120P15010,25
nj,120P15011,40
nj,120P15012,40
nj,120P15013,22.07
nj,120P15014,25
nj,120P15021,50
nj,120P15022,45.846
nj,120P15023,25
nj,120P15027,45
nj,120P15028,29.419
nj,120P15029,40
nj,120P15030,48.46
nj,120P15031,37.373
nj,120P15032,32.019
nj,120P15033,35
nj,120P15034,43.746
nj,120P15035,50
nj,120P15036,44.775
nj,120P15037,38.228
nj,120P15038,35
nj,120P15045,25
nj,120P15046,25
nj,120P15047,25
nj,120P15048,25
nj,120P15049,25
nj,120P15050,25
nj,120P15053,25
nj,120P15054,25
nj,120P15055,25
nj,120P15056,25
nj,120P15057,25
nj,120P15058,25
nj,120P15059,25
nj,120P15060,25
nj,120P15061,25
nj,120P15062,25
nj,120P15063,25.782
nj,120P15064,25
nj,120P15065,25
nj,120P15066,25
nj,120P15067,25
nj,120P15068,25
nj,120P15069,25
nj,120P15070,25
nj,120P15073,25
nj,120P15074,27.078
nj,120P15075,30
nj,120P15086,38.049
nj,120P15087,25
nj,120P15090,25
nj,120P15091,25
nj,120P15092,25
nj,120P15093,25
nj,120P15094,25
nj,120P15103,25
nj,120P15104,25
nj,120P15105,25
nj,120P15106,25
nj,120P15107,33.879
nj,120P15108,26.084
nj,120P15109,31.077
nj,120P15110,25
nj,120P15111,25
nj,120P15112,25
nj,120P15113,40.094
nj,120P15139,44.84
nj,120P15140,35
nj,120P15141,35
nj,120P15142,40
nj,120P15143,40
nj,120P15144,40
nj,120P15145,46.571
nj,120P15179,34.959
nj,120P15180,33.966
nj,120P15181,30
nj,120P15182,36.737
nj,120P15183,40
nj,120P15202,25
nj,120P15364,25
nj,120P15365,45
nj,120P15589,35
nj,120P15590,35
nj,120P15667,40
nj,120P15668,40
nj,120P15707,35
nj,120P15708,35
nj,120P15728,35
nj,120P15729,27.881
nj,120P15730,25
nj,120P15731,25
nj,120P15816,25
nj,120P15817,25
nj,120P15819,25
nj,120P15887,45
nj,120P15888,45
nj,120P15889,45
nj,120P15890,40
nj,120P15894,50
nj,120P16041,29.149
nj,120P16042,25
nj,120P16043,25
nj,120P16044,35
nj,120P16047,25
nj,120P16048,25
nj,120P16049,25
nj,120P16050,25
nj,120P16051,35
nj,120P16052,35
nj,120P16053,35
nj,120P16054,35
nj,120P16055,35
nj,120P16056,35
nj,120P16057,35
nj,120P16058,35
nj,120P16059,35
nj,120P16060,35
nj,120P16061,35
nj,120P16062,35
nj,120P16063,35
nj,120P16064,35
nj,120P16128,46.996
nj,120P16129,35
nj,120P16148,25
nj,120P16149,25
nj,120P16162,35
nj,120P16163,51.623
nj,120P16318,25
nj,120P16319,25
nj,120P16320,25
nj,120P16366,43.311
nj,120P16367,40
nj,120P16458,30
nj,120P16532,35
nj,120P16533,25
nj,120P16673,25
nj,120P16674,25
nj,120P16701,25
nj,120P16702,25
nj,120P16712,50
nj,120P16759,43.252
nj,120P16760,35
nj,120P16761,25
nj,120P16762,25
nj,120P16770,35
nj,120P16771,25
nj,120P16772,25
nj,120P16790,40
nj,120P16810,38.643
nj,120P16811,40
nj,120P16880,25
nj,120P16881,25
nj,120P16894,25
nj,120P17010,25
nj,120P17011,25
nj,120P17089,33.569
nj,120P17090,50
nj,120P17098,55
nj,120P17099,40
nj,120P17104,40
nj,120P17106,45
nj,120P17132,45
nj,120P17136,25
nj,120P17137,25
nj,120P17155,25
nj,120P17156,35
nj,120P17158,40
nj,120P17163,35
nj,120P17164,40
nj,120P17165,35
nj,120P17192,45
nj,120P17194,29.881
nj,120P17207,25
nj,120P17243,25
nj,120P19541,28.196
nj,120P19542,25
nj,120P19543,25
nj,120P19544,25
nj,120P19545,25
nj,120P19546,40
nj,120P19550,30
nj,120P19551,30
nj,120P19576,40.795
nj,120P19577,47.129
nj,120P19578,50
nj,120P19579,50
nj,120P19580,50
nj,120P19581,48.482
nj,120P19582,40
nj,120P19583,46.256
nj,120P19584,45
nj,120P19585,48.646
nj,120P19586,45
nj,120P19587,45
nj,120P19590,25
nj,120P19591,25
nj,120P19592,25
nj,120P19593,35
nj,120P19594,35
nj,120P19595,35
nj,120P19596,40
nj,120P19670,30.995
nj,120P19671,35
nj,120P19672,35
nj,120P19696,40.567
nj,120P19697,28.957
nj,120P19698,25
nj,120P19699,25.306
nj,120P19700,25
nj,120P19701,25
nj,120P19702,25
nj,120P19703,39.233
nj,120P19704,32.23
nj,120P19705,25
nj,120P19763,40
nj,120P19764,38.457
nj,120P19765,38.298
nj,120P19766,35
nj,120P19774,37.523
nj,120P19775,35
nj,120P19776,30
nj,120P19777,27.422
nj,120P19778,25
nj,120P19808,30
nj,120P19809,32.365
nj,120P19810,30
nj,120P19824,40
nj,120P19825,40
nj,120P19826,30
nj,120P19835,40
nj,120P19836,40
nj,120P19837,40
nj,120P19840,36.926
nj,120P19841,25
nj,120P19842,25
nj,120P19845,25
nj,120P19846,25
nj,120P19872,40
nj,120P19873,40
nj,120P19896,41.265
nj,120P19897,46.805
nj,120P19898,40
nj,120P19899,40
nj,120P19900,40
nj,120P19944,36.087
nj,120P19945,45.904
nj,120P19946,50
nj,120P19947,50
nj,120P19964,25
nj,120P19965,25
nj,120P19966,25
nj,120P20008,25
nj,120P20009,25
nj,120P20010,28.148
nj,120P20011,35
nj,120P20036,32.053
nj,120P20037,35.53
nj,120P20038,40
nj,120P20039,40
nj,120P20040,40
nj,120P20053,40
nj,120P20054,35
nj,120P20055,35
nj,120P20084,33.477
nj,120P20085,33.881
nj,120P20086,39.647
nj,120P20087,40
nj,120P20092,35
nj,120P20093,35
nj,120P20109,25.653
nj,120P20110,35
nj,120P20111,27.707
nj,120P20112,33.478
nj,120P20113,32.629
nj,120P20114,41.599
nj,120P20115,45
nj,120P20116,45
nj,120P20117,45
nj,120P20122,25
nj,120P20123,30.797
nj,120P20124,35
nj,120P20125,35
nj,120P20126,37.688
nj,120P20127,40
nj,120P20141,25
nj,120P20142,25
nj,120P20143,25
nj,120P20144,25
nj,120P20145,25
nj,120P20148,35
nj,120P20149,35
nj,120P20150,33.361
nj,120P20151,38.252
nj,120P20152,40
nj,120P20153,31.934
nj,120P20154,29.538
nj,120P20168,46.938
nj,120P20169,35
nj,120P20170,35.341
nj,120P20255,44.197
nj,120P20256,35
nj,120P20257,26.083
nj,120P20258,25
nj,120P20271,25
nj,120P20272,27.168
nj,120P20273,43.758
nj,120P20274,35.355
nj,120P20275,25
nj,120P20333,30
nj,120P20334,30
nj,120P20346,25
nj,120P20347,25
nj,120P20348,50
nj,120P20384,35.414
nj,120P20385,35
nj,120P20386,45
nj,120P20387,40.221
nj,120P20388,34.857
nj,120P20389,40
nj,120P20402,45
nj,120P20403,40.318
nj,120P20404,38.047
nj,120P20405,40
nj,120P20414,40
nj,120P20415,40
nj,120P20416,39.324
nj,120P20417,44.261
nj,120P20418,45
nj,120P20419,45
nj,120P20420,25
nj,120P20421,25
nj,120P20422,25
nj,120P20433,25.256
nj,120P20434,25
nj,120P20435,25
nj,120P20542,29.907
nj,120P20543,30
nj,120P20546,30
nj,120P20547,35
nj,120P20548,25.384
nj,120P20549,25
nj,120P20561,25
nj,120P20562,25
nj,120P20563,25
nj,120P20564,29.306
nj,120P20565,35
nj,120P20566,35
nj,120P20567,35
nj,120P20568,35
nj,120P20569,35
nj,120P20571,40
nj,120P20640,55
nj,120P20668,39.233
nj,120P20670,36.226
nj,120P20671,30.391
nj,120P20672,30.425
nj,120P20673,35
nj,120P20689,25
nj,120P20690,25
nj,120P20691,25
nj,120P20692,25
nj,120P20693,25
nj,120P20694,25
nj,120P20695,25
nj,120P20709,34.851
nj,120P20710,35
nj,120P20739,55
nj,120P20751,33.117
nj,120P20752,35
nj,120P20770,40
nj,120P20771,40
nj,120P20773,40.073
nj,120P20780,35
nj,120P20781,35
nj,120P20782,41.651
nj,120P20783,38.337
nj,120P20786,42.169
nj,120P20787,45
nj,120P20791,
nj,120P20792,35
nj,120P20800,25
nj,120P20801,25
nj,120P20802,25
nj,120P20803,25
nj,120P20838,25
nj,120P20839,25
nj,120P20840,25
nj,120P20850,25
nj,120P20852,25
nj,120P20853,25
nj,120P20868,35
nj,120P20869,35
nj,120P20876,28.079
nj,120P20877,25
nj,120P20878,25
nj,120P20879,25
nj,120P20880,25
nj,120P20882,40
nj,120P20883,40
nj,120P20895,25
nj,120P20896,30.212
nj,120P20897,50
nj,120P20898,50
nj,120P20899,45.5
nj,120P20907,25
nj,120P20908,25
nj,120P20909,25
nj,120P20910,50
nj,120P20929,25
nj,120P20930,25
nj,120P20992,25
nj,120P20993,25
nj,120P20994,25
nj,120P20995,25
nj,120P20996,25
nj,120P21018,40
nj,120P21019,40
nj,120P21029,25
nj,120P21030,27.32
nj,120P21042,25
nj,120P21043,25
nj,120P21067,40
nj,120P21095,25
nj,120P21096,25
nj,120P21177,32.917
nj,120P21178,25
nj,120P21254,
nj,120P21263,35
nj,120P21268,35
nj,120P21269,35
nj,120P21275,35
nj,120P21276,35
nj,120P21277,35
nj,120P21278,35
nj,120P21279,35
nj,120P21280,35
nj,120P21281,35
nj,120P21282,35
nj,120P21283,
nj,120P21341,30
nj,120P21370,35.879
nj,120P21371,40
nj,120P21372,40
nj,120P21373,40
nj,120P21508,33.403
nj,120P21509,55
nj,120P21571,46.541
nj,120P21572,30
nj,120P21573,30
nj,120P21574,30
nj,120P21585,39.279
nj,120P21592,40
nj,120P21593,37.548
nj,120P21594,35
nj,120P21606,25
nj,120P21611,25
nj,120P21648,33.08
nj,120P21649,35
nj,120P21678,25
nj,120P21679,25
nj,120P21680,25
nj,120P21681,25
nj,120P21709,40
nj,120P21710,40
nj,120P21718,40
nj,120P21719,34.92
nj,120P21720,30
nj,120P21724,
nj,120P21725,36.4
nj,120P21760,25
nj,120P21761,25
nj,120P21775,25
nj,120P21779,25.661
nj,120P21780,35
nj,120P21781,35
nj,120P21782,36.904
nj,120P21783,40
nj,120P21784,40
nj,120P21785,39.943
nj,120P21786,35
nj,120P21797,40
nj,120P21798,40
nj,120P21805,25
nj,120P21806,25
nj,120P21807,
nj,120P21867,35
nj,120P21868,32.908
nj,120P21869,34.317
nj,120P21870,34.473
nj,120P21871,35
nj,120P21882,45
nj,120P21883,45
nj,120P21884,38.416
nj,120P21885,28.079
nj,120P21886,27.758
nj,120P21887,35
nj,120P21888,35
nj,120P21891,40
nj,120P21892,35
nj,120P21901,35
nj,120P21902,
nj,120P21952,25
nj,120P21953,25
nj,120P21981,40
nj,120P21982,40.392
nj,120P21983,25
nj,120P21995,46.864
nj,120P21996,
nj,120P21997,30
nj,120P21998,27.233
nj,120P22009,25
nj,120P22010,30
nj,120P22011,30
nj,120P22062,25
nj,120P22063,25
nj,120P22082,
nj,120P22083,
nj,120P22104,40
nj,120P22105,34.987
nj,120P22106,30
nj,120P22129,25
nj,120P22130,25
nj,120P22147,25
nj,120P22148,25
nj,120P22149,25
nj,120P22150,25
nj,120P22151,25
nj,120P22152,25
nj,120P22153,25
nj,120P22165,35
nj,120P22166,35
nj,120P22178,35
nj,120P22179,39.185
nj,120P22180,40
nj,120P22181,40
nj,120P22335,25.111
nj,120P22336,25
nj,120P22369,30
nj,120P22370,30
nj,120P22371,30
nj,120P22372,26.195
nj,120P22373,25
nj,120P22379,35
nj,120P22380,35
nj,120P22381,
nj,120P22422,25
nj,120P22423,25
nj,120P22424,
nj,120P22425,
nj,120P22426,55
nj,120P22431,50
nj,120P22432,25
nj,120P22439,35
nj,120P22440,35
nj,120P22447,35
nj,120P22448,35
nj,120P22449,35
nj,120P22463,39.586
nj,120P22464,30
nj,120P22520,35
nj,120P22521,35
nj,120P22540,
nj,120P22541,25
nj,120P22542,25
nj,120P22585,50
nj,120P22587,25
nj,120P22588,25
nj,120P22589,25
nj,120P22597,35
nj,120P22598,35
nj,120P22639,25
nj,120P22640,25
nj,120P22641,25
nj,120P22676,40
nj,120P22677,40
nj,120P22678,40
nj,120P22695,30
nj,120P22696,34.185
nj,120P22697,35
nj,120P22698,35
nj,120P22703,25
nj,120P22704,25
nj,120P22705,35
nj,120P22708,25
nj,120P22709,25
nj,120P22710,25
nj,120P22754,26.53
nj,120P22755,35
nj,120P22772,35
nj,120P22773,35
nj,120P22774,35
nj,120P22775,35
nj,120P22776,35
nj,120P22777,35
nj,120P22778,35
nj,120P22779,43.788
nj,120P22780,44.145
nj,120P22781,42.685
nj,120P22782,36.319
nj,120P22804,25
nj,120P22805,25
nj,120P22810,25
nj,120P22811,30
nj,120P22812,35
nj,120P22813,35
nj,120P22814,35
nj,120P22815,35
nj,120P22845,33.191
nj,120P22846,25
nj,120P22864,35
nj,120P22865,
nj,120P22874,40
nj,120P22875,40
nj,120P22913,25
nj,120P22914,25
nj,120P22915,25
nj,120P22916,25
nj,120P22945,31.275
nj,120P22946,35
nj,120P22947,35
nj,120P22948,35
nj,120P22953,40
nj,120P22954,35.297
nj,120P22955,35
nj,120P22983,35
nj,120P22984,35
nj,120P23007,35
nj,120P23008,35.527
nj,120P23009,40
nj,120P23021,25
nj,120P23022,25
nj,120P23023,25
nj,120P23120,47.664
nj,120P23121,46.987
nj,120P23122,40
nj,120P23177,44.922
nj,120P23178,43.902
nj,120P23199,40
nj,120P23200,40
nj,120P23209,25
nj,120P23210,25
nj,120P23294,40
nj,120P23295,37.459
nj,120P23296,35
nj,120P23306,41.211
nj,120P23345,48.802
nj,120P23346,45
nj,120P23349,25
nj,120P23350,27.51
nj,120P23351,35
nj,120P23362,25
nj,120P23363,25
nj,120P23384,35
nj,120P23385,25
nj,120P23386,25.38
nj,120P23387,25
nj,120P23388,25
nj,120P23392,25
nj,120P23393,25
nj,120P23410,28.105
nj,120P23411,40
nj,120P23412,40
nj,120P23413,40
nj,120P23414,40
nj,120P23415,40
nj,120P23416,
nj,120P23443,25
nj,120P23450,25
nj,120P23451,25
nj,120P23454,25
nj,120P23455,25
nj,120P23461,30
nj,120P23462,30
nj,120P23476,25
nj,120P23477,25
nj,120P23478,25
nj,120P23610,25.544
nj,120P23611,25
nj,120P23612,25
nj,120P23613,25
nj,120P24591,39.627
nj,120P25815,
nj,120P25951,
nj,120P25953,
nj,120P25955,
nj,120P25957,
nj,120P25959,
nj,120P25961,
nj,120P25963,
nj,120P25965,
nj,120P25967,
nj,120P25969,
nj,120P25971,
nj,120P25973,
nj,120P25979,
nj,120P25981,
nj,120P25983,
nj,120P25985,
nj,120P25987,
nj,120P25989,
nj,120P25991,
nj,120P25993,
nj,120P25995,
nj,120P25997,
nj,120P25999,
nj,120P26001,
nj,120P26003,
nj,120P26005,
nj,120P26007,
nj,120P26009,
nj,120P26011,
nj,120P26013,
nj,120P26015,
nj,120P26017,
nj,120P26019,
nj,120P26021,
nj,120P26099,
nj,120P26101,
nj,120P26103,
nj,120P26105,
nj,120P26107,
nj,120P26109,
nj,120P26111,
nj,120P26115,
nj,120P26117,
nj,120P26137,
nj,120P26143,
nj,120P26145,
nj,120P26147,
nj,120P26149,
nj,120P26151,
nj,120P26153,
nj,120P26155,
nj,120P26157,
nj,120P26159,
nj,120P26161,
nj,120P26163,
nj,120P26165,
nj,120P26167,
nj,120P26169,
nj,120P26171,
nj,120P26173,
nj,120P26193,
nj,120P26195,
nj,120P26197,
nj,120P26199,
nj,120P26201,
nj,120P26205,
nj,120P26207,
nj,120P26209,
nj,120P26211,
nj,120P26213,
nj,120P26215,
nj,120P26219,
nj,120P26231,
nj,120P26251,
nj,120P26309,
nj,120P26311,
nj,120P26313,
nj,120P26315,
nj,120P26317,
nj,120P26319,
nj,120P26321,
nj,120P26323,
nj,120P26325,
nj,120P26327,
nj,120P26329,
nj,120P26331,
nj,120P26333,
nj,120P26335,
nj,120P26337,
nj,120P26339,
nj,120P26341,
nj,120P26343,
nj,120P26345,
nj,120P26347,
nj,120P26349,
nj,120P26351,
nj,120P26353,
nj,120P26355,
nj,120P26357,
nj,120P26359,
nj,120P26361,
nj,120P26363,
nj,120P26365,
nj,120P26367,
nj,120P26369,
nj,120P26371,
nj,120P26373,
nj,120P26375,
nj,120P26377,
nj,120P26379,
nj,120P26381,
nj,120P26383,
nj,120P26385,
nj,120P26387,
nj,120P26389,
nj,120P26391,
nj,120P26393,
nj,120P26395,
nj,120P26397,
nj,120P26399,
nj,120P26401,
nj,120P26403,
nj,120P26405,
nj,120P26407,
nj,120P26409,
nj,120P26411,
nj,120P26413,
nj,120P26415,
nj,120P26417,
nj,120P26419,
nj,120P26421,
nj,120P26423,
nj,120P26425,
nj,120P26427,
nj,120P26429,
nj,120P26431,
nj,120P26433,
nj,120P26435,
nj,120P26437,
nj,120P26439,
nj,120P26441,
nj,120P26443,
nj,120P26543,
nj,120P26545,
nj,120P26547,
nj,120P26549,
nj,120P26551,
nj,120P26553,
nj,120P26555,
nj,120P26557,
nj,120P26563,
nj,120P26565,
nj,120P26569,
nj,120P26571,
nj,120P26573,
nj,120P26575,
nj,120P26577,
nj,120P26579,
nj,120P26583,
nj,120P26585,
nj,120P26587,
nj,120P26589,
nj,120P26595,
nj,120P26597,
nj,120P26601,
nj,120P26619,
nj,120P26621,
nj,120P26625,
nj,120P26629,
nj,120P26631,
nj,120P26635,
nj,120P26637,
nj,120P26639,
nj,120P26641,
nj,120P26643,
nj,120P26645,
nj,120P26647,
nj,120P26649,
nj,120P26651,
nj,120P26653,
nj,120P26655,
nj,120P26657,
nj,120P26659,
nj,120P26661,
nj,120P26663,
nj,120P26665,
nj,120P26667,
nj,120P26677,
nj,120P26679,
nj,120P26681,
nj,120P26685,
nj,120P26687,
nj,120P26689,
nj,120P26691,
nj,120P26693,
nj,120P26695,
nj,120P26697,
nj,120P26699,
nj,120P26701,
nj,120P26703,
nj,120P26705,
nj,120P26707,
nj,120P26709,
nj,120P26711,
nj,120P26713,
nj,120P26715,
nj,120P26717,
nj,120P26719,
nj,120P26721,
nj,120P26723,
nj,120P26725,
nj,120P26731,
nj,120P26745,
nj,120P26751,
nj,120P26753,
nj,120P26819,
nj,120P26821,
nj,120P26849,
nj,120P26875,
nj,120P26877,
nj,120P26879,
nj,120P26881,
nj,120P26893,
nj,120P26895,
nj,120P26897,
nj,120P26899,
nj,120P26901,
nj,120P26903,
nj,120P26905,
nj,120P26907,
nj,120P26909,
nj,120P26911,
nj,120P26913,
nj,120P26915,
nj,120P26917,
nj,120P26919,
nj,120P26921,
nj,120P26923,
nj,120P26925,
nj,120P26927,
nj,120P26929,
nj,120P26931,
nj,120P26933,
nj,120P26935,
nj,120P26937,
nj,120P26939,
nj,120P26941,
nj,120P26945,
nj,120P26947,
nj,120P26949,
nj,120P26951,
nj,120P26953,
nj,120P26955,
nj,120P26957,
nj,120P26959,
nj,120P26961,
nj,120P26963,
nj,120P26965,
nj,120P26967,
nj,120P26969,
nj,120P26971,
nj,120P26973,
nj,120P26975,
nj,120P26977,
nj,120P26979,
nj,120P26981,
nj,120P26983,
nj,120P26985,
nj,120P26987,
nj,120P26989,
nj,120P26991,
nj,120P26993,
nj,120P26995,
nj,120P26997,
nj,120P26999,
nj,120P27003,
nj,120P27005,
nj,120P27007,
nj,120P27009,
nj,120P27011,
nj,120P27015,
nj,120P27035,
nj,120P27037,
nj,120P27039,
nj,120P27041,
nj,120P27043,
nj,120P27045,
nj,120P27047,
nj,120P27049,
nj,120P27051,
nj,120P27121,
nj,120P27123,
nj,120P27125,
nj,120P27127,
nj,120P27129,
nj,120P27131,
nj,120P27133,
nj,120P27135,
nj,120P27137,
nj,120P27139,
nj,120P27141,
nj,120P27143,
nj,120P27145,
nj,120P27147,
nj,120P27149,
nj,120P27151,
nj,120P27169,
nj,120P27171,
nj,120P27173,
nj,120P27175,
nj,120P27177,
nj,120P27179,
nj,120P27181,
nj,120P27183,
nj,120P27185,
nj,120P27187,
nj,120P27189,
nj,120P27191,
nj,120P27193,
nj,120P27195,
nj,120P27197,
nj,120P27199,
nj,120P27231,
nj,120P27257,
nj,120P27259,
nj,120P27603,47.272
nj,120P27604,30
nj,120P27605,30
nj,120P27606,50
nj,120P27637,30
nj,120P27638,40
nj,120P27958,
nj,120P27972,53.18
nj,120P27973,33.112
nj,120P27976,30
nj,120P27977,35
nj,120P27979,55
nj,120P27980,54.246
nj,120P27989,50
nj,120P27990,50
nj,120P27993,40
nj,120P27994,50
nj,120P27995,65
nj,120P27996,65
nj,120P27997,35
nj,120P27998,50
nj,120P27999,65
nj,120P28000,55
nj,120P28001,25
nj,120P28002,25
nj,120P28003,55
nj,120P28008,25
nj,120P28032,30
nj,120P28054,
nj,120P28056,
nj,120P28058,
nj,120P28060,
nj,120P28062,
nj,120P28068,
nj,120P28070,
nj,120P28078,
nj,120P28080,
nj,120P28082,
nj,120P28084,
nj,120P28086,
nj,120P28088,
nj,120P28090,
nj,120P28092,
nj,120P28094,
nj,120P28096,
nj,120P28098,
nj,120P28100,
nj,120P28102,
nj,120P28104,
nj,120P28106,
nj,120P28108,
nj,120P28310,
nj,120P28312,
nj,120P28314,
nj,120P28316,
nj,120P28318,
nj,120P28320,
nj,120P28322,
nj,120P28324,
nj,120P28326,
nj,120P28328,
nj,120P28330,
nj,120P28332,
nj,120P28334,
nj,120P28336,
nj,120P28338,
nj,120P28340,
nj,120P28342,
nj,120P28344,
nj,120P28346,
nj,120P28348,
nj,120P28350,
nj,120P28378,
nj,120P28380,
nj,120P28382,
nj,120P28384,
nj,120P28386,
nj,120P28388,
nj,120P28390,
nj,120P28392,
nj,120P28394,
nj,120P28396,
nj,120P28398,
nj,120P28400,
nj,120P28402,
nj,120P28404,
nj,120P28406,
nj,120P28408,
nj,120P28410,
nj,120P28412,
nj,120P28414,
nj,120P28416,
nj,120P28418,
nj,120P28420,
nj,120P28422,
nj,120P28424,
nj,120P28426,
nj,120P28428,
nj,120P28430,
nj,120P28432,
nj,120P28434,
nj,120P28436,
nj,120P28438,
nj,120P28440,
nj,120P28442,
nj,120P28444,
nj,120P28446,
nj,120P28448,
nj,120P28450,
nj,120P28452,
nj,120P28454,
nj,120P28456,
nj,120P28564,
nj,120P28566,
nj,120P28568,
nj,120P28570,
nj,120P28572,
nj,120P28574,
nj,120P28576,
nj,120P28578,
nj,120P28580,
nj,120P28582,
nj,120P28584,
nj,120P28586,
nj,120P28588,
nj,120P28590,
nj,120P28592,
nj,120P28594,
nj,120P28596,
nj,120P28598,
nj,120P28600,
nj,120P28602,
nj,120P28604,
nj,120P28606,
nj,120P28618,
nj,120P28620,
nj,120P28622,
nj,120P28624,
nj,120P28626,
nj,120P28628,
nj,120P28630,
nj,120P28632,
nj,120P28634,
nj,120P28714,
nj,120P28716,
nj,120P28718,
nj,120P28720,
nj,120P28722,
nj,120P28724,
nj,120P28726,
nj,120P28728,
nj,120P28730,
nj,120P28732,
nj,120P28734,
nj,120P28736,
nj,120P28738,
nj,120P28752,
nj,120P28754,
nj,120P28756,
nj,120P28758,
nj,120P28788,
nj,120P28790,
nj,120P28792,
nj,120P28794,
nj,120P28796,
nj,120P28798,
nj,120P28800,
nj,120P28802,
nj,120P28804,
nj,120P28806,
nj,120P28808,
nj,120P28810,
nj,120P28868,
nj,120P28870,
nj,120P28872,
nj,120P28874,
nj,120P28876,
nj,120P28878,
nj,120P28880,
nj,120P28882,
nj,120P28902,
nj,120P28904,
nj,120P28906,
nj,120P29046,
nj,120P29048,
nj,120P29050,
nj,120P29052,
nj,120P29054,
nj,120P29056,
nj,120P29058,
nj,120P29060,
nj,120P29062,
nj,120P29064,
nj,120P29066,
nj,120P29068,
nj,120P29070,
nj,120P29072,
nj,120P29074,
nj,120P29076,
nj,120P29078,
nj,120P29080,
nj,120P29082,
nj,120P29084,
nj,120P29086,
nj,120P29088,
nj,120P29090,
nj,120P29092,
nj,120P29094,
nj,120P29096,
nj,120P29098,
nj,120P29100,
nj,120P29102,
nj,120P29104,
nj,120P29106,
nj,120P29108,
nj,120P29110,
nj,120P29112,
nj,120P29114,
nj,120P29116,
nj,120P29118,
nj,120P29120,
nj,120P29122,
nj,120P29124,
nj,120P29126,
nj,120P29128,
nj,120P29130,
nj,120P29132,
nj,120P29134,
nj,120P29136,
nj,120P29138,
nj,120P29140,
nj,120P29142,
nj,120P29144,
nj,120P29146,
nj,120P29148,
nj,120P29150,
nj,120P29152,
nj,120P29154,
nj,120P29156,
nj,120P29158,
nj,120P29160,
nj,120P29162,
nj,120P29164,
nj,120P29166,
nj,120P29168,
nj,120P29170,
nj,120P29172,
nj,120P29174,
nj,120P29176,
nj,120P29178,
nj,120P29180,
nj,120P29182,
nj,120P29184,
nj,120P29186,
nj,120P29188,
nj,120P29190,
nj,120P29192,
nj,120P29194,
nj,120P29196,
nj,120P29198,
nj,120P29200,
nj,120P29202,
nj,120P29204,
nj,120P29206,
nj,120P29208,
nj,120P29210,
nj,120P29212,
nj,120P29214,
nj,120P29216,
nj,120P29218,
nj,120P29220,
nj,120P29222,
nj,120P29224,
nj,120P29226,
nj,120P29285,40
nj,120P29286,40
nj,120P29287,40
nj,120P29288,40
nj,120P29289,40
nj,120P29290,40
nj,120P29291,40
nj,120P29292,40
nj,120P29293,40
nj,120P29294,40
nj,120P29295,40
nj,120P29296,41.331
nj,120P29297,45
nj,120P29298,45
nj,120P29299,40.841
nj,120P29300,37.718
nj,120P29301,35
nj,120P29302,35
nj,120P29326,
nj,120P29328,
nj,120P29330,
nj,120P29332,
nj,120P29334,
nj,120P29336,
nj,120P29338,
nj,120P29340,
nj,120P29342,
nj,120P29344,
nj,120P29346,
nj,120P29348,
nj,120P29350,
nj,120P29352,
nj,120P29354,
nj,120P29356,
nj,120P29358,
nj,120P29360,
nj,120P29362,
nj,120P29364,
nj,120P29366,
nj,120P29368,
nj,120P29370,
nj,120P29372,
nj,120P29374,
nj,120P29376,
nj,120P29378,
nj,120P29380,
nj,120P29382,
nj,120P29384,
nj,120P29386,
nj,120P29388,
nj,120P29390,
nj,120P29392,
nj,120P29393,35
nj,120P29394,35
nj,120P29408,
nj,120P29410,
nj,120P29416,
nj,120P29418,
nj,120P29420,
nj,120P29422,
nj,120P29424,
nj,120P29426,
nj,120P29428,
nj,120P29430,
nj,120P29432,
nj,120P29434,
nj,120P29436,
nj,120P29438,
nj,120P29440,
nj,120P29442,
nj,120P29444,
nj,120P29446,
nj,120P29450,
nj,120P29452,
nj,120P29454,
nj,120P29456,
nj,120P29458,
nj,120P29460,
nj,120P29462,
nj,120P29464,
nj,120P29466,
nj,120P29468,
nj,120P29470,
nj,120P29472,
nj,120P29474,
nj,120P29476,
nj,120P29478,
nj,120P29480,
nj,120P29482,
nj,120P29484,
nj,120P29491,45
nj,120P29492,45
nj,120P29497,
nj,120P29499,
nj,120P29500,65
nj,120P29501,65
nj,120P29502,38.678
nj,120P29503,40
nj,120P29504,40
nj,120P29505,
nj,120P29506,
nj,120P29507,
nj,120P29508,
nj,120P29509,
nj,120P29510,
nj,120P29531,30
nj,120P29547,
nj,120P29549,
nj,120P29551,
nj,120P29553,
nj,120P29555,
nj,120P29557,
nj,120P29559,
nj,120P29561,
nj,120P29563,
nj,120P29565,
nj,120P29567,
nj,120P29569,
nj,120P29571,
nj,120P29573,
nj,120P29575,
nj,120P29577,
nj,120P29579,
nj,120P29581,
nj,120P29583,
nj,120P29585,
nj,120P29587,
nj,120P29589,
nj,120P29591,
nj,120P29593,
nj,120P29595,
nj,120P29597,
nj,120P29599,
nj,120P29601,
nj,120P29603,
nj,120P29605,
nj,120P29607,
nj,120P29609,
nj,120P29611,
nj,120P29613,
nj,120P29615,
nj,120P29617,
nj,120P29619,
nj,120P29621,
nj,120P29623,
nj,120P29625,
nj,120P29627,
nj,120P29629,
nj,120P29631,
nj,120P29633,
nj,120P29635,
nj,120P29637,
nj,120P29639,
nj,120P29641,
nj,120P29643,
nj,120P29645,
nj,120P29647,
nj,120P29649,
nj,120P29651,
nj,120P29653,
nj,120P29655,
nj,120P29657,
nj,120P29659,
nj,120P29661,
nj,120P29663,
nj,120P29665,
nj,120P29667,
nj,120P29669,
nj,120P29671,
nj,120P29675,
nj,120P29722,50
nj,120P29723,40
nj,120P29724,40
nj,120P29725,40
nj,120P29726,45.575
nj,120P29727,50
nj,120P29728,50
nj,120P29729,48.862
nj,120P29730,40
nj,120P29755,40
nj,120P29756,40
nj,120P29757,44.306
nj,120P29762,49.467
nj,120P29763,50
nj,120P29815,35
nj,120P29816,31.899
nj,120P29817,25
nj,120P29822,
nj,120P29823,
nj,120P29824,45
nj,120P29847,
nj,120P29849,
nj,120P29851,
nj,120P29853,
nj,120P29855,
nj,120P29857,
nj,120P29859,
nj,120P29861,
nj,120P29863,
nj,120P29865,
nj,120P29867,
nj,120P29869,
nj,120P29871,
nj,120P29873,
nj,120P29875,
nj,120P29877,
nj,120P29879,
nj,120P29881,
nj,120P29883,
nj,120P29885,
nj,120P29887,
nj,120P29889,
nj,120P29891,
nj,120P29893,
nj,120P29895,
nj,120P29897,
nj,120P29899,
nj,120P29901,
nj,120P29903,
nj,120P29905,
nj,120P29907,
nj,120P29909,
nj,120P29911,
nj,120P29913,
nj,120P29915,
nj,120P29917,
nj,120P29919,
nj,120P29921,
nj,120P29923,
nj,120P29925,
nj,120P29927,
nj,120P29929,
nj,120P29931,
nj,120P29933,
nj,120P29935,
nj,120P29937,
nj,120P29939,
nj,120P29941,
nj,120P29943,
nj,120P29945,
nj,120P29947,
nj,120P29949,
nj,120P29951,
nj,120P29953,
nj,120P29955,
nj,120P29957,
nj,120P29959,
nj,120P29961,
nj,120P29963,
nj,120P29965,
nj,120P29967,
nj,120P29969,
nj,120P29971,
nj,120P29973,
nj,120P29975,
nj,120P29977,
nj,120P29979,
nj,120P29981,
nj,120P29983,
nj,120P29985,
nj,120P29987,
nj,120P29989,
nj,120P29991,
nj,120P29993,
nj,120P30009,
nj,120P30011,
nj,120P30013,
nj,120P30015,
nj,120P30049,
nj,120P30051,
nj,120P30053,
nj,120P30055,
nj,120P30057,
nj,120P30059,
nj,120P30061,
nj,120P30071,
nj,120P30073,
nj,120P30075,
nj,120P30077,
nj,120P30079,
nj,120P30081,
nj,120P30083,
nj,120P30085,
nj,120P30087,
nj,120P30089,
nj,120P30091,
nj,120P30093,
nj,120P30095,
nj,120P30097,
nj,120P30099,
nj,120P30101,
nj,120P30103,
nj,120P30121,
nj,120P30123,
nj,120P30125,
nj,120P30211,34.169
nj,120P30212,31.536
nj,120P30213,35.729
nj,120P30214,35
nj,120P30215,35
nj,120P30217,26.796
nj,120P30218,25
nj,120P30219,25
nj,120P30221,40
nj,120P30222,40
nj,120P30223,40
nj,120P30225,40
nj,120P30226,40
nj,120P30228,31.766
nj,120P30229,37.078
nj,120P30230,26.07
nj,120P30231,30
nj,120P30232,34.641
nj,120P30233,39.244
nj,120P30234,40
nj,120P30235,40
nj,120P30236,40
nj,120P30238,45
nj,120P30239,45
nj,120P30240,45
nj,120P30241,35
nj,120P30242,30.223
nj,120P30243,30
nj,120P30244,35.734
nj,120P30245,40
nj,120P30246,35
nj,120P30247,35
nj,120P30248,35
nj,120P30250,41.5
nj,120P30251,29.879
nj,120P30252,25
nj,120P30253,35
nj,120P30254,35
nj,120P30255,35
nj,120P30257,25
nj,120P30258,25
nj,120P30259,32.619
nj,120P30260,31.783
nj,120P30261,25
nj,120P30262,34.801
nj,120P30263,35
nj,120P30265,25
nj,120P30266,35
nj,120P30267,45
nj,120P30268,45
nj,120P30269,45
nj,120P30270,45
nj,120P30272,25
nj,120P30273,25
nj,120P30274,25
nj,120P30275,25
nj,120P30276,25
nj,120P30278,35
nj,120P30279,35
nj,120P30280,25
nj,120P30281,40
nj,120P30282,40
nj,120P30283,40
nj,120P30284,40
nj,120P30285,40
nj,120P30286,40
nj,120P30287,40
nj,120P30288,40
nj,120P30290,47.584
nj,120P30291,40.585
nj,120P30292,36.751
nj,120P30293,38.87
nj,120P30294,40
nj,120P30296,35
nj,120P30297,35
nj,120P30303,30
nj,120P30304,38.275
nj,120P30305,40
nj,120P30306,33.793
nj,120P30307,31.696
nj,120P30308,35
nj,120P30309,35
nj,120P30311,29.4
nj,120P30312,25
nj,120P30314,35
nj,120P30315,35
nj,120P30316,35
nj,120P30317,35
nj,120P30319,27.49
nj,120P30320,25
nj,120P30321,25
nj,120P30322,25
nj,120P30324,35.882
nj,120P30325,35
nj,120P30326,26.28
nj,120P30327,28.265
nj,120P30328,25
nj,120P30330,36.655
nj,120P30331,25.87
nj,120P30332,35
nj,120P30333,33.278
nj,120P30334,30
nj,120P30336,35
nj,120P30337,35
nj,120P30339,36.875
nj,120P30340,40
nj,120P30341,40
nj,120P30342,40
nj,120P30343,40
nj,120P30344,40
nj,120P30346,25
nj,120P30347,25
nj,120P30349,25
nj,120P30350,25
nj,120P30352,30
nj,120P30353,30
nj,120P30358,35
nj,120P30359,35
nj,120P30360,35
nj,120P30361,35
nj,120P30363,25
nj,120P30364,25
nj,120P30366,25
nj,120P30367,25
nj,120P30368,25
nj,120P30370,25
nj,120P30371,25
nj,120P30372,25
nj,120P30374,25.257
nj,120P30375,25
nj,120P30377,25
nj,120P30378,25
nj,120P30380,
nj,120P30381,25
nj,120P30383,25
nj,120P30384,25
nj,120P30385,25
nj,120P30386,25
nj,120P30391,46.874
nj,120P30392,50
nj,120P30393,50
nj,120P30511,38.595
nj,120P30512,25
nj,120P30513,25
nj,120P30514,20
nj,120P30522,40
nj,120P30523,38.267
nj,120P30538,41.782
nj,120P30539,40
nj,120P30557,25
nj,120P30558,33.6
nj,120P30559,40
nj,120P30560,40
nj,120P30562,42.267
nj,120P30563,40
nj,120P30577,35
nj,120P30578,35
nj,120P30579,35
nj,120P30605,45
nj,120P30606,39.589
nj,120P30607,25
nj,120P30608,29.974
nj,120P30638,28.159
nj,120P30639,25
nj,120P30662,25
nj,120P30719,32.023
nj,120P30720,25
nj,120P30723,
nj,120P30727,
nj,120P30729,26.682
nj,120P30732,25
nj,120P30827,35
nj,120P30828,35
nj,120P50001,42.393
nj,120P50002,49.264
nj,120P50003,46.116
nj,120P50004,35
nj,120P50005,35
nj,120P50006,50
nj,120P50007,50
nj,120P50008,41.208
nj,120P50009,35.618
nj,120P50010,39.366
nj,120P50011,40
nj,120P50012,40
nj,120P50013,40
nj,120P50014,40
nj,120P50015,40
nj,120P50017,35
nj,120P50018,44.369
nj,120P50019,45
nj,120P50020,45
nj,120P50021,45
nj,120P50023,48.681
nj,120P50024,50
nj,120P50026,25
nj,120P50027,25
nj,120P50029,
nj,120P50030,25
nj,120P50031,25
nj,120P50033,35
nj,120P50034,35
nj,120P50036,42.596
nj,120P50037,48.115
nj,120P50038,50
nj,120P50040,40
nj,120P50041,40
nj,120P50042,45
nj,120P50043,41.044
nj,120P50044,45
nj,120P50045,45
nj,120P50046,45
nj,120P50047,49.445
nj,120P50048,50
nj,120P50049,50
nj,120P50050,44.468
nj,120P50051,40
nj,120P50053,40
nj,120P50054,42.469
nj,120P50055,45
nj,120P50056,45
nj,120P50058,35
nj,120P50059,35
nj,120P50061,40
nj,120P50062,46.21
nj,120P50063,50
nj,120P50064,50
nj,120P50065,41.41
nj,120P50066,40
nj,120P50068,41.97
nj,120P50069,35
nj,120P50070,35
nj,120P50071,30
nj,120P50072,30
nj,120P50073,30
nj,120P50079,30
nj,120P50080,30
nj,120P50082,30
nj,120P50083,25.818
nj,120P50084,32.354
nj,120P50085,35
nj,120P50086,35
nj,120P50087,35
nj,120P50089,25
nj,120P50090,
nj,120P50091,
nj,120P50093,35
nj,120P50094,
nj,120P50096,25
nj,120P50097,25
nj,120P50099,35
nj,120P50100,35
nj,120P50101,40.898
nj,120P50104,
nj,120P50105,
nj,120P50107,38.17
nj,120P50108,25
nj,120P50109,35
nj,120P50110,35
nj,120P50123,25
nj,120P50124,25
nj,120P50125,25
nj,120P50148,25
nj,120P50149,25
nj,120P50150,25
nj,120P50152,25
nj,120P50153,25
nj,120P50154,25
nj,120P50161,50
nj,120P50163,30
nj,120P50164,30
nj,120P50166,25
nj,120P50167,47.335
nj,120P50170,25
nj,120P50171,25
nj,120P50173,30.828
nj,120P50174,35
nj,120P50175,30
nj,120P50176,31.154
nj,120P50177,25
nj,120P50178,25
nj,120P50179,25
nj,120P50180,25
nj,120P50182,
nj,120P50183,
nj,120P50184,
nj,120P50187,
nj,120P50188,25
nj,120P50190,
nj,120P50191,25
nj,120P50192,25
nj,120P50193,25
nj,120P50198,
nj,120P50199,
nj,120P50200,
nj,120P50202,
nj,120P50203,
nj,120P50205,50
nj,120P50206,
nj,120P50207,
nj,120P50209,
nj,120P50211,
nj,120P50213,
nj,120P50216,25
nj,120P50218,
nj,120P50220,
nj,120P50222,
nj,120P50224,
nj,120P50242,25
nj,120P50243,25
nj,120P50250,25
nj,120P50251,25
nj,120P50252,50
nj,120P50254,40
nj,120P50255,40
nj,120P50256,40
nj,120P50257,40
nj,120P50258,
nj,120P50260,
nj,120P50261,
nj,120P50263,
nj,120P50264,
nj,120P50269,
nj,120P50270,
nj,120P50271,25
nj,120P50273,40
nj,120P50274,40
nj,120P50275,40
nj,120P50277,50
nj,120P50278,
nj,120P50279,
nj,120P50281,
nj,120P50282,
nj,120P50284,
nj,120P50285,
nj,120P50287,40
nj,120P50288,40
nj,120P50289,39.651
nj,120P50290,35
nj,120P50291,31.955
nj,120P50292,30
nj,120P50294,45
nj,120P50295,45
nj,120P50297,35
nj,120P50298,35
nj,120P50330,
nj,120P50351,
nj,120P50391,
nj,120P50589,
nj,120P50629,
nj,120P50698,
nj,120P50790,
nj,120P50792,
nj,120P50808,
nj,120P50810,
nj,120P50812,
nj,120P50956,
nj,120P50958,
nj,120P51242,
nj,120P51372,40
nj,120P51373,40
nj,120P51375,40
nj,120P51376,40
nj,120P51385,40
nj,120P51387,49.126
nj,120P51388,40.254
nj,120P51389,37.756
nj,120P51390,35
nj,120P51391,35
nj,120P51392,31.5
nj,120P51402,35
nj,120P51403,35
nj,120P51418,25
nj,120P51420,25
nj,120P51421,25
nj,120P51422,
nj,120P51423,
nj,120P51424,
nj,120P51426,25
nj,120P51427,25
nj,120P51428,25
nj,120P51429,25
nj,120P51430,
nj,120P51431,25
nj,120P51433,
nj,120P51439,40
nj,120P51440,
nj,120P51442,25
nj,120P51443,25
nj,120P51444,25
nj,120P51446,25
nj,120P51447,25
nj,120P51449,25
nj,120P51450,25
nj,120P51451,25
nj,120P51453,
nj,120P51454,
nj,120P51455,
nj,120P51464,40
nj,120P51465,35
nj,120P51466,35
nj,120P51467,35
nj,120P51475,34.082
nj,120P51483,35
nj,120P51484,35
nj,120P51485,35
nj,120P51486,35
nj,120P51487,35
nj,120P51488,35
nj,120P51489,35
nj,120P51491,25
nj,120P51492,25
nj,120P51493,25
nj,120P51495,25
nj,120P51496,
nj,120P51497,
nj,120P51498,
nj,120P51499,
nj,120P51500,
nj,120P51507,
nj,120P51508,
nj,120P51510,
nj,120P51511,25
nj,120P51518,
nj,120P51519,
nj,120P51520,
nj,120P51522,
nj,120P51523,35
nj,120P51524,35
nj,120P51525,35
nj,120P51527,
nj,120P51528,
nj,120P51529,
nj,120P51531,25
nj,120P51532,25
nj,120P51533,25
nj,120P51553,35
nj,120P51574,39.287
nj,120P51575,30
nj,120P51577,
nj,120P51578,
nj,120P51782,
nj,120P51784,
nj,120P51786,
nj,120P51788,
nj,120P51789,
nj,120P51791,
nj,120P51814,
nj,120P51884,
nj,120P52310,25
nj,120P52311,25
nj,120P52315,25
nj,120P52340,35
nj,120P52341,30
nj,120P52342,30
nj,120P52347,30
nj,120P52348,30
nj,120P52349,30
nj,120P52353,30
nj,120P52354,30
nj,120P52355,30
nj,120P52356,30
nj,120P52357,30
nj,120P52361,35
nj,120P52363,36.261
nj,120P52364,35
nj,120P52376,25
nj,120P52427,25
nj,120P52428,25
nj,120P52461,33.956
nj,120P52462,25
nj,120P52473,35
nj,120P52474,35
nj,120P52475,35
nj,120P52529,25
nj,120P52530,25
nj,120P52540,35
nj,120P52541,32.595
nj,120P52542,30
nj,120P52544,25
nj,120P52545,25
nj,120P52546,25
nj,120P52548,35
nj,120P52549,33.31
nj,120P52552,25
nj,120P52553,25
nj,120P52565,
nj,120P52566,30
nj,120P52568,25.737
nj,120P52569,25
nj,120P52571,25
nj,120P52572,25
nj,120P52573,25
nj,120P52574,25
nj,120P52575,25
nj,120P52582,25
nj,120P52584,25
nj,120P52598,30
nj,120P52607,25
nj,120P52608,25
nj,120P52609,25
nj,120P52610,25
nj,120P52626,25
nj,120P52632,25
nj,120P52636,35
nj,120P52637,35
nj,120P52639,26.055
nj,120P52640,35
nj,120P52646,25
nj,120P52647,25
nj,120P52649,28.306
nj,120P52650,25
nj,120P52651,25
nj,120P52653,25
nj,120P52654,25
nj,120P52655,25
nj,120P52657,25
nj,120P52658,25
nj,120P52659,25
nj,120P52661,25
nj,120P52662,25
nj,120P52664,25
nj,120P52665,25
nj,120P52666,25
nj,120P52667,25
nj,120P52668,25
nj,120P52681,53.647
nj,120P52682,35
nj,120P52683,35
nj,120P52684,25
nj,120P52689,25
nj,120P52690,25
nj,120P52691,25
nj,120P52717,25
nj,120P52718,25
nj,120P52719,25.915
nj,120P52720,40
nj,120P52722,25
nj,120P52723,25
nj,120P52724,35
nj,120P52729,41.855
nj,120P52730,25
nj,120P52772,25
nj,120P52773,25
nj,120P52779,25
nj,120P52780,25
nj,120P52790,25
nj,120P52791,25
nj,120P52798,25
nj,120P52799,25
nj,120P52800,25
nj,120P52801,25
nj,120P52802,25
nj,120P52803,27.992
nj,120P52804,40
nj,120P52805,40
nj,120P52806,25
nj,120P52807,25
nj,120P52808,25
nj,120P52809,25
nj,120P52836,25
nj,120P52837,25
nj,120P52843,30
nj,120P52844,30
nj,120P52857,39.754
nj,120P52859,40
nj,120P52860,40
nj,120P52868,40
nj,120P52869,40
nj,120P52870,40
nj,120P52872,45
nj,120P52873,45
nj,120P52874,45
nj,120P52876,40
nj,120P52877,40
nj,120P52879,25
nj,120P52880,25
nj,120P52901,40
nj,120P52902,25
nj,120P52903,25
nj,120P52904,25
nj,120P52909,25
nj,120P52910,25
nj,120P52914,25
nj,120P52915,25
nj,120P52917,25
nj,120P52918,25
nj,120P52920,25
nj,120P52921,25
nj,120P52922,25
nj,120P52927,
nj,120P52928,
nj,120P52929,
nj,120P52953,
nj,120P52957,
nj,120P52958,
nj,120P52959,
nj,120P52960,
nj,120P52961,
nj,120P52962,
nj,120P53000,35
nj,120P53001,35
nj,120P53002,30
nj,120P53003,30
nj,120P53014,35
nj,120P53015,40
nj,120P53038,25
nj,120P53039,25
nj,120P53041,25
nj,120P53042,25
nj,120P53044,25
nj,120P53045,25
nj,120P53047,32.623
nj,120P53048,30
nj,120P53049,30
nj,120P53050,30
nj,120P53053,40
nj,120P53054,40
nj,120P53062,25
nj,120P53063,25
nj,120P53085,25
nj,120P53086,25
nj,120P53103,35
nj,120P53104,35
nj,120P53105,35
nj,120P53112,25
nj,120P53165,35
nj,120P53166,35
nj,120P53167,35
nj,120P53180,27.5
nj,120P53181,25
nj,120P53184,25
nj,120P53188,35
nj,120P53189,32.208
nj,120P53190,30.995
nj,120P53191,30
nj,120P53219,25
nj,120P53220,25
nj,120P53221,25
nj,120P53249,35
nj,120P53250,35
nj,120P53251,35
nj,120P53272,35
nj,120P53273,35
nj,120P53274,33.462
nj,120P53275,32.796
nj,120P53283,25
nj,120P53284,25
nj,120P53285,25
nj,120P53296,25
nj,120P53309,25
nj,120P53310,25
nj,120P53311,25
nj,120P53352,25
nj,120P53353,25
nj,120P53354,25
nj,120P53356,25
nj,120P53357,25
nj,120P53358,25
nj,120P53399,25
nj,120P53401,25
nj,120P53402,25
nj,120P53403,25
nj,120P53427,25
nj,120P53428,35
nj,120P53429,35
nj,120P53439,40
nj,120P53440,40
nj,120P53445,35.482
nj,120P53454,38.655
nj,120P53455,40
nj,120P53456,40
nj,120P53469,33.518
nj,120P53470,25
nj,120P53475,40
nj,120P53498,50
nj,120P53499,50
nj,120P53500,45.059
nj,120P53501,40.303
nj,120P53502,33.845
nj,120P53503,35
nj,120P53512,50
nj,120P53513,50
nj,120P53514,50
nj,120P53515,50
nj,120P53516,50
nj,120P53517,50
nj,120P53518,50
nj,120P53520,
nj,120P53521,
nj,120P53522,
nj,120P53524,
nj,120P53525,
nj,120P53527,
nj,120P53528,
nj,120P53529,
nj,120P53530,
nj,120P53535,40
nj,120P53536,40
nj,120P53537,40
nj,120P53538,46.909
nj,120P53539,45.297
nj,120P53540,35
nj,120P53542,45
nj,120P53543,32.224
nj,120P53544,30
nj,120P53556,40
nj,120P53557,40
nj,120P53558,40
nj,120P53594,31.381
nj,120P53595,38.621
nj,120P53596,40
nj,120P53602,42.55
nj,120P53603,30
nj,120P53604,38.162
nj,120P53605,40
nj,120P53625,25
nj,120P53627,25
nj,120P53628,25
nj,120P53638,
nj,120P53675,35
nj,120P53676,30
nj,120P53694,40
nj,120P53695,40
nj,120P53696,40
nj,120P53699,40
nj,120P53707,25
nj,120P53708,25
nj,120P53709,25
nj,120P53724,
nj,120P53725,
nj,120P53726,35
nj,120P53727,35
nj,120P53758,35
nj,120P53763,39.545
nj,120P53782,38.375
nj,120P53783,40
nj,120P53803,40
nj,120P53804,40
nj,120P53819,25
nj,120P53832,35
nj,120P53833,35
nj,120P53899,35
nj,120P53907,45
nj,120P53908,45
nj,120P53921,40
nj,120P53922,40
nj,120P54051,55
nj,120P54055,40
nj,120P63000,40
nj,120P63002,25
nj,120P63003,25
nj,120P63004,25
